ingredeint_id,ingredient_name,ingredient_image_url
1,Semiya,
2,roted,
3,Curd,
4,Mustard,
5,seeds,
6,White,
7,Urad,
8,Dal,
9,Asafoetida,
10,Curry,
11,leaves,
12,Oil,
13,Raw,
14,Peanuts,
15,Curry,
16,leaves,
17,Oil,
18,Chew,
19,nuts,
20,ground,
21,mala,
22,Methi,
23,Seeds,
24,s,
25,Ciander,
26,Seeds,
27,Fennel,
28,seeds,
29,Dry,
30,Red,
31,Chillies,
32,Fresh,
33,coconut,
34,grated,
35,Kuzhambu,
36,Pearl,
37,onions,
38,quartered,
39,cloves,
40,Garlic,
41,fely,
42,chopped,
43,Tomaes,
44,fely,
45,chopped,
46,Potaes,
47,medium,
48,sized,
49,Brjal,
50,wedges,
51,Jaggery,
52,Tamard,
53,Water,
54,Sambar,
55,Powder,
56,seong,
57,Ggelly,
58,oil,
59,Mustard,
60,seeds,
61,Curry,
62,leaves,
63,Dried,
64,Green,
65,Pe,
66,soaked,
67,overnight,
68,Onion,
69,chopped,
70,Fresh,
71,coconut,
72,grated,
73,Dry,
74,Red,
75,Chillies,
76,Ciander,
77,Seeds,
78,Cloves,
79,ch,
80,Tamard,
81,Turmeric,
82,powder,
83,Salt,
84,Mutn,
85,mced,
86,Whole,
87,Eggs,
88,boiled,
89,and,
90,peeled,
91,Onion,
92,fely,
93,chopped,
94,Gger,
95,Garlic,
96,Pte,
97,Red,
98,Chilli,
99,powder,
100,Turmeric,
101,powder,
102,Cum,
103,powder,
104,Ciander,
105,Powder,
106,Salt,
107,Salt,
108,Oil,
109,Water,
110,required,
111,All,
112,Purpose,
113,Flour,
114,Whole,
115,Eggs,
116,beaten,
117,Whole,
118,Wheat,
119,Bread,
120,crumbs,
121,Oil,
122,deep,
123,fryg,
124,Potaes,
125,thly,
126,sliced,
127,Mustard,
128,oil,
129,Turmeric,
130,powder,
131,Rice,
132,flour,
133,mhed,
134,pota,
135,s,
136,Lemon,
137,juice,
138,kera,
139,soaked,
140,water,
141,Salt,
142,Mustard,
143,oil,
144,Panch,
145,Phan,
146,Mala,
147,Green,
148,Chillies,
149,roughly,
150,chopped,
151,Ciander,
152,Leaves,
153,fely,
154,chopped,
155,s,
156,Cooked,
157,rice,
158,Ghee,
159,oil,
160,required,
161,Cum,
162,seeds,
163,Onion,
164,thly,
165,sliced,
166,Cabbage,
167,Gobi,
168,shredded,
169,Green,
170,Chillies,
171,fely,
172,chopped,
173,Red,
174,Chilli,
175,powder,
176,Turmeric,
177,powder,
178,Sambar,
179,Powder,
180,Ciander,
181,Leaves,
182,few,
183,fely,
184,chopped,
185,Salt,
186,Mooli,
187,Mullangi,
188,peeled,
189,&,
190,Turmeric,
191,powder,
192,s,
193,Red,
194,Chilli,
195,powder,
196,Ciander,
197,Powder,
198,Salt,
199,:,
200,Sesame,
201,Oil,
202,Chana,
203,dal,
204,Gram,
205,Black,
206,Urad,
207,Dal,
208,Cum,
209,seeds,
210,Curry,
211,leaves,
212,Elephant,
213,yam,
214,peeled,
215,and,
216,very,
217,sm,
218,Mustard,
219,seeds,
220,Dry,
221,Red,
222,Chillies,
223,Methi,
224,Seeds,
225,Asafoetida,
226,Turmeric,
227,powder,
228,Tamard,
229,Pte,
230,Jaggery,
231,pound,
232,Salt,
233,Oil,
234,cookg,
235,Fish,
236,Curry,
237,ch,
238,Gger,
239,fely,
240,chopped,
241,cloves,
242,Garlic,
243,fely,
244,chopped,
245,Onion,
246,fely,
247,chopped,
248,Toma,
249,fely,
250,chopped,
251,Coconut,
252,milk,
253,Tamard,
254,Water,
255,Curry,
256,leaves,
257,Mustard,
258,seeds,
259,Mustard,
260,oil,
261,Salt,
262,To,
263,Marade,
264,Kg,
265,fish,
266,flat,
267,fillet,
268,Red,
269,Chilli,
270,powder,
271,Turmeric,
272,powder,
273,Cum,
274,powder,
275,Ciander,
276,Powder,
277,Lemon,
278,juice,
279,Salt,
280,Malvani,
281,Mala,
282,Ciander,
283,Seeds,
284,Cum,
285,seeds,
286,Fennel,
287,seeds,
288,ch,
289,Cnamon,
290,Stick,
291,Cloves,
292,Bay,
293,leaf,
294,Nutmeg,
295,Whole,
296,Black,
297,Peppercns,
298,Dry,
299,Red,
300,Chillies,
301,Star,
302,anise,
303,Potaes,
304,boiled,
305,and,
306,cubes,
307,Green,
308,Chillies,
309,fely,
310,chopped,
311,ch,
312,Gger,
313,grated,
314,Curry,
315,leaves,
316,fely,
317,chopped,
318,Mustard,
319,seeds,
320,White,
321,Urad,
322,Dal,
323,Turmeric,
324,powder,
325,Oil,
326,Ciander,
327,Leaves,
328,sm,
329,bunch,
330,fely,
331,chopped,
332,Ingredients,
333,make,
334,Onion,
335,Medu,
336,Vada,
337,White,
338,Urad,
339,Dal,
340,ch,
341,Gger,
342,Green,
343,Chillies,
344,chopped,
345,Salt,
346,Onions,
347,fely,
348,chopped,
349,Ciander,
350,Leaves,
351,fely,
352,chopped,
353,Oil,
354,pan,
355,fryg,
356,Ingredients,
357,Vengaya,
358,Sambar,
359,Arhar,
360,dal,
361,To,
362,Pearl,
363,onions,
364,Mooli,
365,Mullangi,
366,chopped,
367,Carrot,
368,chopped,
369,s,
370,Tamard,
371,Water,
372,s,
373,Sambar,
374,Powder,
375,Salt,
376,Ciander,
377,Leaves,
378,a,
379,sm,
380,bunch,
381,chopped,
382,Seong,
383,Sambar,
384,Ggelly,
385,oil,
386,Mustard,
387,seeds,
388,Dry,
389,Red,
390,Chillies,
391,Curry,
392,leaves,
393,Asafoetida,
394,Black,
395,Urad,
396,Dal,
397,Rajma,
398,Kidney,
399,Cum,
400,seeds,
401,Homemade,
402,ma,
403,puree,
404,Khmiri,
405,Red,
406,Chilli,
407,Powder,
408,s,
409,Fresh,
410,cream,
411,s,
412,Butter,
413,Milk,
414,Garam,
415,mala,
416,powder,
417,Cardamom,
418,Powder,
419,Kuri,
420,Methi,
421,Fenugreek,
422,Ash,
423,Gourd,
424,Chips,
425,Coconut,
426,Oil,
427,Cup,
428,Fresh,
429,coconut,
430,grated,
431,Whole,
432,Black,
433,Peppercns,
434,Ciander,
435,Seeds,
436,Turmeric,
437,powder,
438,Dry,
439,Red,
440,Chillies,
441,Tamard,
442,Marble,
443,size,
444,b,
445,Ingredients,
446,dough,
447,s,
448,Whole,
449,Wheat,
450,Flour,
451,Salt,
452,Oil,
453,Ingredients,
454,stuffg,
455,Carrots,
456,fely,
457,grated,
458,Sweet,
459,Potaes,
460,boiled,
461,and,
462,mhed,
463,Cum,
464,powder,
465,Green,
466,Chillies,
467,chopped,
468,Ciander,
469,Leaves,
470,chopped,
471,Salt,
472,s,
473,Mixed,
474,vegetables,
475,carrot,
476,beans,
477,cubes,
478,Onion,
479,thly,
480,sliced,
481,Toma,
482,roughly,
483,chopped,
484,Green,
485,Chilli,
486,slit,
487,ch,
488,Gger,
489,thly,
490,sliced,
491,Garlic,
492,sliced,
493,Curry,
494,leaves,
495,Coconut,
496,milk,
497,th,
498,Coconut,
499,milk,
500,thick,
501,Mustard,
502,seeds,
503,Black,
504,pepper,
505,powder,
506,Oil,
507,Coconut,
508,Oil,
509,Lemon,
510,juice,
511,Mt,
512,Leaves,
513,made,
514,pte,
515,Salt,
516,Baby,
517,Potaes,
518,Phool,
519,Makhana,
520,Cum,
521,seeds,
522,Fennel,
523,seeds,
524,Green,
525,Chillies,
526,fely,
527,chopped,
528,Red,
529,Chilli,
530,powder,
531,Turmeric,
532,powder,
533,Ciander,
534,Powder,
535,Salt,
536,namak,
537,is,
538,usg,
539,a,
540,s,
541,Oil,
542,Muthia,
543,Dhokla,
544,s,
545,Cooked,
546,rice,
547,Gram,
548,flour,
549,Red,
550,Chilli,
551,powder,
552,Turmeric,
553,powder,
554,Salt,
555,Kadhi,
556,s,
557,Gram,
558,flour,
559,Curd,
560,s,
561,Water,
562,Turmeric,
563,powder,
564,Red,
565,Chilli,
566,powder,
567,Salt,
568,Green,
569,Chilli,
570,slit,
571,ch,
572,Gger,
573,fely,
574,chopped,
575,Bay,
576,leaf,
577,rn,
578,ch,
579,Cnamon,
580,Stick,
581,broken,
582,Tadka,
583,Ghee,
584,Cum,
585,seeds,
586,ch,
587,Cnamon,
588,Stick,
589,broken,
590,Curry,
591,leaves,
592,rn,
593,Oil,
594,Badi,
595,urad,
596,dal,
597,spiced,
598,dumplg ,
599,Onions,
600,fely,
601,chopped ,
602,Tomaes,
603,ch,
604,Gger,
605,Pota,
606,wedges ,
607,Brjal,
608,wedges ,
609,Red,
610,Chilli,
611,powder,
612,Cum,
613,powder,
614,Garam,
615,mala,
616,powder,
617,Ciander,
618,Powder,
619,Salt,
620, ,
621,freshly,
622,ground,
623,mala ,
624,Fresh,
625,coconut,
626,grated ,
627,Dry,
628,Red,
629,Chillies,
630,Mustard,
631,seeds,
632,Turmeric,
633,powder,
634,Tamard,
635,Salt,
636, ,
637,Water,
638,Or,
639,Ingredients ,
640,Vellai,
641,Poosanikai,
642,gourdWhite,
643,medium,
644,sized,
645,cubes ,
646,Water,
647,Turmeric,
648,powder,
649,Salt,
650, ,
651,tadka ,
652,Oil,
653,Mustard,
654,seeds,
655,Dry,
656,Red,
657,Chillies,
658,Curry,
659,leaves,
660,Sm,
661,Brjal,
662,Onion,
663,roughly,
664,chopped,
665,Green,
666,Chillies,
667,chopped,
668,cloves,
669,Garlic,
670,ch,
671,Gger,
672,Mustard,
673,seeds,
674,Bay,
675,leaf,
676,ch,
677,Cnamon,
678,Stick,
679,Cloves,
680,Red,
681,Chilli,
682,powder,
683,Cum,
684,powder,
685,Ciander,
686,Powder,
687,Turmeric,
688,powder,
689,Tamard,
690,Water,
691,Oil,
692,cookg,
693,Salt,
694,pte,
695,Fresh,
696,coconut,
697,grated,
698,s,
699,Sesame,
700,seeds,
701,s,
702,Roted,
703,Peanuts,
704,Ciander,
705,Leaves,
706,garnish,
707,Bmati,
708,rice,
709,Soy,
710,Chunks,
711,Onions,
712,sliced,
713,Tomaes,
714,chopped,
715,Green,
716,Chilli,
717,slit,
718,Gger,
719,Garlic,
720,Pte,
721,Turmeric,
722,powder,
723,Oil,
724,ghee,
725,cookg,
726,Whole,
727,Spice,
728,Used,
729,Bay,
730,leaf,
731,Cardamom,
732,PodsSeeds,
733,Cloves,
734,ch,
735,Cnamon,
736,Stick,
737,Star,
738,anise,
739,Mace,
740,Biryani,
741,Mala,
742,grd,
743,Cardamom,
744,PodsSeeds,
745,Whole,
746,Black,
747,Peppercns,
748,Cloves,
749,ch,
750,Cnamon,
751,Stick,
752,Fennel,
753,seeds,
754,s,
755,Cooked,
756,rice,
757,s,
758,Oil,
759,Indian,
760,bage,
761,cleaned,
762,whed,
763,and,
764,separated,
765,Cum,
766,seeds,
767,Chana,
768,dal,
769,Gram,
770,White,
771,Urad,
772,Dal,
773,Dessicated,
774,Coconut,
775,chopped,
776,Byadagi,
777,Dried,
778,Chillies,
779,Guntur,
780,Dried,
781,Chillies,
782,Ciander,
783,Leaves,
784,a,
785,few,
786,s,
787,fely,
788,chopped,
789,garnish,
790,Ingredients,
791,Temperg,
792,Mustard,
793,seeds,
794,Chana,
795,dal,
796,Gram,
797,White,
798,Urad,
799,Dal,
800,Asafoetida,
801,Raw,
802,Peanuts,
803,Curry,
804,leaves,
805,Salt,
806,Bhdi,
807,chopped,
808,ch,
809,Paneer,
810,Cottage,
811,cubed,
812,Onion,
813,chopped,
814,Bay,
815,leaf,
816,Red,
817,Chilli,
818,powder,
819,Turmeric,
820,powder,
821,Ciander,
822,Powder,
823,Sugar,
824,Salt,
825,Oil,
826,cookg,
827,Ingredients,
828,grd,
829,Tomaes,
830,chopped,
831,Cloves,
832,ch,
833,Cnamon,
834,Stick,
835,Cardamom,
836,PodsSeeds,
837,cloves,
838,Garlic,
839,ch,
840,Gger,
841,Hung,
842,Curd,
843,Butn,
844,mushrooms,
845,quarters,
846,Onion,
847,fely,
848,chopped,
849,cloves,
850,Garlic,
851,ch,
852,Gger,
853,Turmeric,
854,powder,
855,Oil,
856,cookg,
857,Salt,
858,To,
859,Be,
860,Ground,
861,To,
862,Pte,
863,Dry,
864,Red,
865,Chillies,
866,Ciander,
867,Seeds,
868,Cum,
869,seeds,
870,Whole,
871,Black,
872,Peppercns,
873,Cardamom,
874,PodsSeeds,
875,Cloves,
876,Mango,
877,sm,
878,variety,
879,Green,
880,Chillies,
881,crushed,
882,Jaggery,
883,Salt,
884,Ingredients,
885,To,
886,Temper,
887,Coconut,
888,Oil,
889,Mustard,
890,seeds,
891,Dry,
892,Red,
893,Chilli,
894,broken,
895,Asafoetida,
896,generous,
897,Curry,
898,leaves,
899,Mo,
900,Dal,
901,whed,
902,and,
903,draed,
904,Green,
905,pe,
906,Onion,
907,fely,
908,chopped,
909,Toma,
910,fely,
911,chopped,
912,ch,
913,Gger,
914,grated,
915,cloves,
916,Garlic,
917,grated,
918,Green,
919,Chillies,
920,chopped,
921,Turmeric,
922,powder,
923,Salt,
924,Ingredients,
925,seong,
926,Mustard,
927,seeds,
928,Methi,
929,Seeds,
930,Cum,
931,seeds,
932,Fennel,
933,seeds,
934,Kalonji,
935,Nigella,
936,Garam,
937,mala,
938,powder,
939,Mustard,
940,oil,
941,Asafoetida,
942,a,
943,Kabuli,
944,Chana,
945,soaked,
946,overnight,
947,Salt,
948,Mala:,
949,Dry,
950,Red,
951,Chillies,
952,cloves,
953,Garlic,
954,Ciander,
955,Seeds,
956,Fresh,
957,coconut,
958,grated,
959,Tamard,
960,Pte,
961,Turmeric,
962,powder,
963,Salt,
964,Water,
965,Temperg,
966,Coconut,
967,Oil,
968,Mustard,
969,seeds,
970,Methi,
971,Seeds,
972,Asafoetida,
973,Curry,
974,leaves,
975,a,
976,handful,
977,Amla,
978,bite,
979,sized,
980,cubes,
981,Green,
982,Chilli,
983,ch,
984,Achari,
985,mala,
986,Red,
987,Chilli,
988,powder,
989,Turmeric,
990,powder,
991,s,
992,Jaggery,
993,Salt,
994,To,
995,temper,
996,Fennel,
997,seeds,
998,Methi,
999,Seeds,
1000,Mustard,
1001,seeds,
1002,Oil,
1003,Asafoetida,
1004,Betel,
1005,leaves,
1006,s,
1007,Cooked,
1008,rice,
1009,cloves,
1010,Garlic,
1011,crushed,
1012,s,
1013,Oil,
1014,Mustard,
1015,seeds,
1016,Chana,
1017,dal,
1018,Gram,
1019,White,
1020,Urad,
1021,Dal,
1022,Curry,
1023,leaves,
1024,Roted,
1025,Peanuts,
1026,Chew,
1027,nuts,
1028,Fresh,
1029,Red,
1030,chillies,
1031,chopped,
1032,Salt,
1033,required,
1034,Mala,
1035,Cum,
1036,seeds,
1037,Fennel,
1038,seeds,
1039,Whole,
1040,Black,
1041,Peppercns,
1042,s,
1043,Sesame,
1044,seeds,
1045,Curry,
1046,leaves,
1047,Butn,
1048,mushrooms,
1049,quarters,
1050,Whole,
1051,Black,
1052,Peppercns,
1053,Cloves,
1054,Ajwa,
1055,Fennel,
1056,seeds,
1057,Cum,
1058,seeds,
1059,Ciander,
1060,Seeds,
1061,ch,
1062,Cnamon,
1063,Stick,
1064,Dry,
1065,Red,
1066,Chilli,
1067,s,
1068,Poppy,
1069,seeds,
1070,Fresh,
1071,coconut,
1072,grated,
1073,s,
1074,Oil,
1075,Onions,
1076,sliced,
1077,Garlic,
1078,pods,
1079,Salt,
1080,Tamard,
1081,Pte,
1082,Sooji,
1083,Onion,
1084,fely,
1085,chopped,
1086,ch,
1087,Gger,
1088,fely,
1089,chopped,
1090,Green,
1091,Chillies,
1092,fely,
1093,chopped,
1094,Curry,
1095,leaves,
1096,fely,
1097,chopped,
1098,Carrot,
1099,fely,
1100,chopped,
1101,Green,
1102,beans,
1103,fely,
1104,chopped,
1105,Mustard,
1106,seeds,
1107,White,
1108,Urad,
1109,Dal,
1110,Asafoetida,
1111,Oil,
1112,cookg,
1113,s,
1114,Ghee,
1115,Lemon,
1116,juice,
1117,extracted,
1118,Sugar,
1119,Salt,
1120,s,
1121,Raw,
1122,Peanuts,
1123,Fresh,
1124,coconut,
1125,grated,
1126,Green,
1127,Chillies,
1128,Red,
1129,Chilli,
1130,powder,
1131,s,
1132,Jaggery,
1133,grated,
1134,Cloves,
1135,Kokum,
1136,Curry,
1137,leaves,
1138,Ghee,
1139,Cum,
1140,seeds,
1141,Water,
1142,Salt,
1143,Ingredients,
1144,stuffg,
1145,Oil,
1146,s,
1147,Raw,
1148,papaya,
1149,peeled,
1150,&,
1151,grated,
1152,sm,
1153,Red,
1154,Bell,
1155,pepper,
1156,fely,
1157,chopped,
1158,ch,
1159,Gger,
1160,fely,
1161,chopped ,
1162,Onion,
1163,fely,
1164,chopped ,
1165,Green,
1166,Chillies,
1167,fely,
1168,chopped,
1169,Amchur,
1170,Mango,
1171,Garam,
1172,mala,
1173,powder,
1174,Red,
1175,Chilli,
1176,powder,
1177,Garam,
1178,mala,
1179,powder,
1180,Salt,
1181,Mt,
1182,Leaves,
1183,Ghee,
1184,Ingredients,
1185,dough,
1186,s,
1187,Whole,
1188,Wheat,
1189,Flour,
1190,Oil,
1191,Salt,
1192,stuffg,
1193,Rajma,
1194,Kidney,
1195,soaked,
1196,hours,
1197,Hse,
1198,Gram,
1199,Dal,
1200,soaked,
1201,hours,
1202,Onion,
1203,fely,
1204,chopped,
1205,Green,
1206,Chilli,
1207,fely,
1208,chopped,
1209,Cum,
1210,seeds,
1211,Ciander,
1212,Powder,
1213,Red,
1214,Chilli,
1215,powder,
1216,Amchur,
1217,Mango,
1218,Garam,
1219,mala,
1220,powder,
1221,Black,
1222,pepper,
1223,powder,
1224,Salt,
1225,dough,
1226,Whole,
1227,Wheat,
1228,Flour,
1229,Oil,
1230,Water,
1231,knead ,
1232,Bhdi,
1233,about,
1234,an,
1235,ch,
1236,Arhar,
1237,dal,
1238,To,
1239,cooked,
1240,till,
1241,st,
1242,Turmeric,
1243,powder,
1244,Green,
1245,Chillies,
1246,slit,
1247,Tamard,
1248,gooseberry,
1249,sized,
1250,Jaggery,
1251,s,
1252,Ram,
1253,Powder,
1254,Salt,
1255,s,
1256,Coconut,
1257,Oil,
1258,Mustard,
1259,seeds,
1260,Cum,
1261,seeds,
1262,Asafoetida,
1263,Curry,
1264,leaves,
1265,a,
1266,few,
1267,Jackfruit,
1268,Seeds,
1269,Kala,
1270,Chana,
1271,soaked,
1272,overnight,
1273,Mustard,
1274,seeds,
1275,Cum,
1276,seeds,
1277,Curry,
1278,leaves,
1279,Toma,
1280,chopped,
1281,Tamard,
1282,Water,
1283,Turmeric,
1284,powder,
1285,Grdg,
1286,Dry,
1287,Red,
1288,Chillies,
1289,Cum,
1290,seeds,
1291,Ciander,
1292,Seeds,
1293,Cloves,
1294,ch,
1295,Cnamon,
1296,Stick,
1297,Fresh,
1298,coconut,
1299,ch,
1300,Gger,
1301,cloves,
1302,Garlic,
1303,Vellai,
1304,Poosanikai,
1305,gourdWhite,
1306,Turmeric,
1307,powder,
1308,Salt,
1309,Oil,
1310,cookg,
1311,To,
1312,be,
1313,roted,
1314,and,
1315,ground,
1316,pte,
1317,Dry,
1318,Red,
1319,Chillies,
1320,Fresh,
1321,coconut,
1322,grated,
1323,Tamard,
1324,Water,
1325,Methi,
1326,Seeds,
1327,Cum,
1328,seeds,
1329,s,
1330,Ciander,
1331,Seeds,
1332,s,
1333,Sesame,
1334,seeds,
1335,s,
1336,Jaggery,
1337,Tamard,
1338,Water,
1339,seong,
1340,Oil,
1341,Mustard,
1342,seeds,
1343,Curry,
1344,leaves,
1345,roughly,
1346,rn,
1347,Dry,
1348,Red,
1349,Chillies,
1350,Ingredients,
1351,grd,
1352,Jackfruit,
1353,Seeds,
1354,Green,
1355,Chillies,
1356,cloves,
1357,Garlic,
1358,Tamard,
1359,ram,
1360,Ram,
1361,Powder,
1362,Onion,
1363,chopped,
1364,cloves,
1365,Garlic,
1366,pound,
1367,Turmeric,
1368,powder,
1369,Oil,
1370,Turmeric,
1371,powder,
1372,Curry,
1373,leaves,
1374,Colocia,
1375,root,
1376,whed,
1377,thoughly,
1378,and,
1379,peeled,
1380,Tamard,
1381,malabar,
1382,Salt,
1383,Fresh,
1384,coconut,
1385,scrapped,
1386,Red,
1387,Chilli,
1388,powder,
1389,Onions,
1390,peeled,
1391,:,
1392,Coconut,
1393,Oil,
1394,Onions,
1395,peeled,
1396,and,
1397,chopped,
1398,Mustard,
1399,seeds,
1400,Cum,
1401,seeds,
1402,Dry,
1403,Red,
1404,Chilli,
1405,broken,
1406,Curry,
1407,leaves,
1408,कप,
1409,काला,
1410,चना,
1411,तुरई,
1412,बड़ा,
1413,चमच्च,
1414,सरसो,
1415,का,
1416,तेल,
1417,छोटा,
1418,चमच्च,
1419,मेथी,
1420,के,
1421,दाने,
1422,हींग,
1423,चुटकी,
1424,भर,
1425,प्याज,
1426,काटे,
1427,हुए,
1428,कली,
1429,लहसुन,
1430,काटा,
1431,हुआ,
1432,हरी,
1433,मिर्च,
1434,काटा,
1435,हुआ,
1436,छोटा,
1437,चमच्च,
1438,हल्दी,
1439,पाउडर,
1440,छोटा,
1441,चमच्च,
1442,धनिया,
1443,पाउडर,
1444,छोटा,
1445,चमच्च,
1446,जीरा,
1447,पाउडर,
1448,छोटा,
1449,चमच्च,
1450,लाल,
1451,मिर्च,
1452,पाउडर ,
1453,छोटा,
1454,चमच्च,
1455,गरम,
1456,मसाला,
1457,पाउडर,
1458,छोटा,
1459,चमच्च,
1460,अमचूर,
1461,पाउडर,
1462,नमक,
1463,स्वाद,
1464,अनुसार,
1465,हरा,
1466,धनिया,
1467,गार्निश,
1468,करे,
1469,के,
1470,लिए,
1471,Green,
1472,Moong,
1473,Dal,
1474,Yellow,
1475,Moong,
1476,Dal,
1477,Pearl,
1478,onions,
1479,Mustard,
1480,seeds,
1481,Curry,
1482,leaves,
1483,Dry,
1484,Red,
1485,Chilli,
1486,Turmeric,
1487,powder,
1488,Salt,
1489,Coconut,
1490,Oil,
1491,cookg,
1492,Ingredients,
1493,grd,
1494,Fresh,
1495,coconut,
1496,Green,
1497,Chilli,
1498,Cum,
1499,seeds,
1500,Buckwheat,
1501,Flour,
1502,Ka,
1503,Yellow,
1504,Moong,
1505,Dal,
1506,Carrots,
1507,fely,
1508,chopped,
1509,Green,
1510,beans,
1511,fely,
1512,chopped,
1513,Potaes,
1514,cubes,
1515,Green,
1516,pe,
1517,Ajwa,
1518,Green,
1519,Chillies,
1520,slit,
1521,cloves,
1522,Cloves,
1523,cloves,
1524,Whole,
1525,Black,
1526,Peppercns,
1527,Salt,
1528,Water,
1529,required,
1530,s,
1531,Oil,
1532,s,
1533,Ghee,
1534,Onion,
1535,sliced,
1536,cloves,
1537,Garlic,
1538,sliced,
1539,Brjal,
1540,ch,
1541,discs,
1542,Turmeric,
1543,powder,
1544,Red,
1545,Chilli,
1546,powder,
1547,s,
1548,Mustard,
1549,seeds,
1550,Poppy,
1551,seeds,
1552,Mustard,
1553,oil,
1554,required,
1555,Panch,
1556,Phan,
1557,Mala,
1558,Green,
1559,Chillies,
1560,Curd,
1561,Salt,
1562,Mango,
1563,smer,
1564,variety,
1565,suits,
1566,Jaggery,
1567,powdered,
1568,sweetness,
1569,Green,
1570,Chillies,
1571,Ghee,
1572,coconut,
1573,oil,
1574,Dry,
1575,Red,
1576,Chillies,
1577,White,
1578,Urad,
1579,Dal,
1580,Mustard,
1581,seeds,
1582,Asafoetida,
1583,s,
1584,Kala,
1585,Chana,
1586,sprouted,
1587,Onion,
1588,sliced,
1589,Tomaes,
1590,fely,
1591,chopped,
1592,Gger,
1593,pte,
1594,Green,
1595,Chillies,
1596,fely,
1597,chopped,
1598,ch,
1599,Cnamon,
1600,Stick,
1601,Black,
1602,cardamom,
1603,Ciander,
1604,Powder,
1605,Red,
1606,Chilli,
1607,powder,
1608,s,
1609,Chana,
1610,Mala,
1611,Powder,
1612,Anardana,
1613,Powder,
1614,Seed,
1615,dried,
1616,Ciander,
1617,Leaves,
1618,fely,
1619,chopped,
1620,garnish,
1621,s,
1622,Ghee,
1623,Salt,
1624,To,
1625,make,
1626,pakod,
1627,Chana,
1628,dal,
1629,Gram,
1630,soaked,
1631,mutes,
1632,Dry,
1633,Red,
1634,Chillies,
1635,Fennel,
1636,seeds,
1637,Salt,
1638,Oil,
1639,fryg,
1640,pakod,
1641,To,
1642,make,
1643,gravy,
1644,Onion,
1645,fely,
1646,chopped,
1647,Toma,
1648,fely,
1649,chopped,
1650,Green,
1651,Chillies,
1652,fely,
1653,chopped,
1654,cloves,
1655,Garlic,
1656,fely,
1657,chopped,
1658,s,
1659,Ciander,
1660,Powder,
1661,Red,
1662,Chilli,
1663,powder,
1664,Cnamon,
1665,Stick,
1666,Bay,
1667,leaf,
1668,Cardamom,
1669,PodsSeeds,
1670,Fennel,
1671,seeds,
1672,Curry,
1673,leaves,
1674,s,
1675,Ciander,
1676,Leaves,
1677,fely,
1678,chopped,
1679,garnish,
1680,Oil,
1681,Salt,
1682,To,
1683,make,
1684,pte,
1685,s,
1686,Fresh,
1687,coconut,
1688,Poppy,
1689,seeds,
1690,Fennel,
1691,seeds,
1692,Chew,
1693,nuts,
1694,s,
1695,Roted,
1696,Gram,
1697,Dal,
1698,Kg,
1699,Chicken,
1700,s,
1701,Oil,
1702,Tomaes,
1703,fely,
1704,chopped,
1705,Onion,
1706,fely,
1707,chopped,
1708,Green,
1709,Chillies,
1710,chopped,
1711,Tablespoon,
1712,Gger,
1713,Garlic,
1714,Pte,
1715,Ciander,
1716,Leaves,
1717,sm,
1718,bunch,
1719,fely,
1720,chopped,
1721,Tablespoon,
1722,Curd,
1723,Tablespoon,
1724,Fresh,
1725,cream,
1726,just,
1727,give,
1728,thickness,
1729,Cup,
1730,Water,
1731,Salt,
1732,Whole,
1733,Spices:,
1734,Cloves,
1735,Whole,
1736,Black,
1737,Peppercns,
1738,Bay,
1739,leaves,
1740,ch,
1741,Cnamon,
1742,Stick,
1743,Fennel,
1744,seeds,
1745,Kuri,
1746,Methi,
1747,Fenugreek,
1748,Powdered,
1749,Spices:,
1750,Tablespoons,
1751,Khmiri,
1752,Red,
1753,Chilli,
1754,Powder,
1755,Turmeric,
1756,powder,
1757,Tablespoon,
1758,Tandoi,
1759,mala,
1760,Tablespoon,
1761,Onion,
1762,powder,
1763,Caullower,
1764,sm,
1765,flets,
1766,Potaes,
1767,medium,
1768,sized,
1769,Onion,
1770,chopped,
1771,Tomaes,
1772,chopped,
1773,Mustard,
1774,seeds,
1775,Curry,
1776,leaves,
1777,cloves,
1778,Garlic,
1779,chopped,
1780,Green,
1781,Chillies,
1782,slit,
1783,Red,
1784,Chilli,
1785,powder,
1786,Garam,
1787,mala,
1788,powder,
1789,Ciander,
1790,Powder,
1791,Turmeric,
1792,powder,
1793,Salt,
1794,Fish,
1795,lets,
1796,Ajwa,
1797,Gram,
1798,flour,
1799,Khmiri,
1800,Red,
1801,Chilli,
1802,Powder,
1803,Turmeric,
1804,powder,
1805,Gger,
1806,Garlic,
1807,Pte,
1808,Lemon,
1809,juice,
1810,Salt,
1811,Oil,
1812,Gravy,
1813,Curd,
1814,beaten,
1815,Water,
1816,Ajwa,
1817,Cnamon,
1818,Stick,
1819,Green,
1820,Chillies,
1821,Fresh,
1822,Red,
1823,chillies,
1824,Turmeric,
1825,powder,
1826,Chew,
1827,nuts,
1828,Homemade,
1829,ma,
1830,puree,
1831,Onion,
1832,chopped,
1833,Ciander,
1834,Leaves,
1835,chopped,
1836,garnish,
1837,Ghee,
1838,Salt,
1839,Kabuli,
1840,Chana,
1841,soaked,
1842,overnight,
1843,and,
1844,cooked,
1845,Brjal,
1846,wedges,
1847,ml,
1848,Coconut,
1849,milk,
1850,Tomaes,
1851,quartered,
1852,Onion,
1853,fely,
1854,chopped,
1855,Dry,
1856,Red,
1857,Chillies,
1858,Curry,
1859,leaves,
1860,roughly,
1861,rn,
1862,Turmeric,
1863,powder,
1864,Garam,
1865,mala,
1866,powder,
1867,Ciander,
1868,Powder,
1869,Red,
1870,Chilli,
1871,powder,
1872,s,
1873,Oil,
1874,Salt,
1875,Bhdi,
1876,ch,
1877,Potaes,
1878,ch,
1879,wedges,
1880,Turmeric,
1881,powder,
1882,Red,
1883,Chilli,
1884,powder,
1885,Salt,
1886,Mustard,
1887,oil,
1888,cookg,
1889,To,
1890,Be,
1891,Ground,
1892,To,
1893,Pte,
1894,s,
1895,Poppy,
1896,seeds,
1897,Mustard,
1898,seeds,
1899,Brjal,
1900,Tamard,
1901,Pte,
1902,big,
1903,lemon,
1904,size,
1905,Onions,
1906,sliced,
1907,th+,
1908,chopped,
1909,fely,
1910,Ingredients,
1911,Rot,
1912,&,
1913,Grd,
1914,Fresh,
1915,Red,
1916,Chilli,
1917,dry,
1918,rot,
1919,and,
1920,ground,
1921,s,
1922,Raw,
1923,Peanuts,
1924,s,
1925,Sesame,
1926,seeds,
1927,s,
1928,Fresh,
1929,coconut,
1930,dessicated,
1931,coconut,
1932,s,
1933,Ciander,
1934,Seeds,
1935,Cum,
1936,seeds,
1937,Cardamom,
1938,PodsSeeds,
1939,Garlic,
1940,Chana,
1941,dal,
1942,Gram,
1943,Ingredients,
1944,TadkaOil,
1945,required,
1946,Bay,
1947,leaf,
1948,Cum,
1949,seeds,
1950,Curry,
1951,leaves,
1952,Ingredients,
1953,gatte,
1954,flour,
1955,Gram,
1956,flour,
1957,Ajwa,
1958,Red,
1959,Chilli,
1960,powder,
1961,s,
1962,Curd,
1963,Oil,
1964,Salt,
1965,Ingredients,
1966,Sabzi,
1967,Green,
1968,Bell,
1969,Pepper,
1970,cubes,
1971,Cum,
1972,seeds,
1973,Asafoetida,
1974,Turmeric,
1975,powder,
1976,Red,
1977,Chilli,
1978,powder,
1979,Garam,
1980,mala,
1981,powder,
1982,Amchur,
1983,Mango,
1984,Ciander,
1985,Powder,
1986,Ciander,
1987,Powder,
1988,Salt,
1989,Ciander,
1990,Leaves,
1991,chopped,
1992,Oil,
1993,Spach,
1994,Leaves,
1995,bunches,
1996,whed,
1997,and,
1998,chopped,
1999,s,
2000,Arhar,
2001,dal,
2002,To,
2003,Fresh,
2004,coconut,
2005,grated,
2006,Green,
2007,Chillies,
2008,Ciander,
2009,Leaves,
2010,Salt,
2011,Ingredients,
2012,seong,
2013,Ghee,
2014,Mustard,
2015,seeds,
2016,Cum,
2017,seeds,
2018,Asafoetida,
2019,Curry,
2020,leaves,
2021,Walkg,
2022,Catfish,
2023,thoughly,
2024,cleaned,
2025,cloves,
2026,Garlic,
2027,crushed ,
2028,Green,
2029,Chillies,
2030,slit,
2031,Turmeric,
2032,powder,
2033,Mustard,
2034,oil,
2035,cook,
2036,Salt,
2037,Black,
2038,pepper,
2039,powder,
2040,s,
2041,Curry,
2042,leaves,
2043,Hot,
2044,water,
2045,Dried,
2046,Green,
2047,Pe,
2048,soaked,
2049,overnight,
2050,Jaggery,
2051,Tamard,
2052,Water,
2053,Salt,
2054,Oil,
2055,Ingredients,
2056,rot,
2057,&,
2058,Grd,
2059,Onion,
2060,chopped,
2061,Fresh,
2062,coconut,
2063,grated,
2064,Dry,
2065,Red,
2066,Chillies,
2067,Ciander,
2068,Seeds,
2069,Cloves,
2070,Cum,
2071,seeds,
2072,Fennel,
2073,seeds,
2074,ch,
2075,Cnamon,
2076,Stick,
2077,Sichuan,
2078,peppercns,
2079,cloves,
2080,Garlic,
2081,ch,
2082,Gger,
2083,chopped,
2084,Nutmeg,
2085,Star,
2086,anise,
2087,Turmeric,
2088,powder,
2089,Onions,
2090,thly,
2091,sliced,
2092,Gger,
2093,chopped,
2094,Garlic,
2095,cloves,
2096,Green,
2097,Chillies,
2098,rice,
2099,Bay,
2100,leaves,
2101,rn,
2102,Cardamom,
2103,PodsSeeds,
2104,ch,
2105,Cnamon,
2106,Stick,
2107,Cloves,
2108,s,
2109,Bmati,
2110,rice,
2111,whed,
2112,and,
2113,soaked,
2114,mutes,
2115,Salt,
2116,Ingredients,
2117,marate,
2118,Mutn,
2119,curry,
2120,Hung,
2121,Curd,
2122,Gger,
2123,Garlic,
2124,Pte,
2125,Red,
2126,Chilli,
2127,powder,
2128,Turmeric,
2129,powder,
2130,Garam,
2131,mala,
2132,powder,
2133,Salt,
2134,Or,
2135,Ingredients,
2136,Bay,
2137,leaves,
2138,ch,
2139,Cnamon,
2140,Stick,
2141,Cloves,
2142,Mace,
2143,Dagad,
2144,phool,
2145,phoolblack,
2146,sne,
2147,Red,
2148,Chilli,
2149,powder,
2150,Garam,
2151,mala,
2152,powder,
2153,Tomaes,
2154,fely,
2155,chopped,
2156,Mt,
2157,Leaves,
2158,chopped,
2159,Salt,
2160,Milk,
2161,Saffron,
2162,strands,
2163,a,
2164,few,
2165,s,
2166,Oil,
2167,Ghee,
2168,s,
2169,Whole,
2170,Wheat,
2171,Flour,
2172,sealg,
2173,vessel,
2174,Spach,
2175,Leaves,
2176,Tomaes,
2177,diced,
2178,Phool,
2179,Makhana,
2180,Cum,
2181,seeds,
2182,Garam,
2183,mala,
2184,powder,
2185,Red,
2186,Chilli,
2187,powder,
2188,Turmeric,
2189,powder,
2190,Cnamon,
2191,Stick,
2192,Milk,
2193,Ghee,
2194,Salt,
2195,Bimbla,
2196,Cup,
2197,Fresh,
2198,coconut,
2199,grated,
2200,Red,
2201,Chilli,
2202,powder,
2203,Turmeric,
2204,powder,
2205,Grams,
2206,Jaggery,
2207,adjust,
2208,accdg,
2209,your,
2210,Tablespoon,
2211,Oil,
2212,Methi,
2213,Seeds,
2214,White,
2215,Urad,
2216,Dal,
2217,Mustard,
2218,seeds,
2219,Curry,
2220,leaves,
2221,Asafoetida,
2222,a,
2223,Salt,
2224,Mustard,
2225,greens,
2226,whed,
2227,and,
2228,roughly,
2229,chopped,
2230,Spach,
2231,Leaves,
2232,whed,
2233,and,
2234,roughly,
2235,chopped,
2236,Bathua,
2237,leaves,
2238,whed,
2239,and,
2240,roughly,
2241,chopped,
2242,Makki,
2243,Ka,
2244,Atta,
2245,Cn,
2246,Meal,
2247,ch,
2248,Gger,
2249,fely,
2250,chopped,
2251,cloves,
2252,Garlic,
2253,fely,
2254,chopped,
2255,Onion,
2256,thly,
2257,sliced,
2258,Green,
2259,Chillies,
2260,slit,
2261,half,
2262,Red,
2263,Chilli,
2264,powder,
2265,Garam,
2266,mala,
2267,powder,
2268,Ciander,
2269,Powder,
2270,Salt,
2271,s,
2272,Ghee,
2273,Sm,
2274,Brjal,
2275,Ciander,
2276,Leaves,
2277,chopped,
2278,Green,
2279,Chillies,
2280,chopped,
2281,Salt,
2282,s,
2283,Oil,
2284,stuffg,
2285,Broccoli,
2286,Onion,
2287,Ciander,
2288,Powder,
2289,Salt,
2290,per,
2291,Red,
2292,Chilli,
2293,powder,
2294,Garam,
2295,mala,
2296,powder,
2297,Cum,
2298,powder,
2299,Oil,
2300,dough,
2301,s,
2302,Whole,
2303,Wheat,
2304,Flour,
2305,Salt,
2306,Water,
2307,required,
2308,Oil,
2309,ghee,
2310,fryg,
2311,paratha,
2312,Chicken,
2313,drumstick,
2314,sm,
2315,Potaes,
2316,sk,
2317,peeled,
2318,and,
2319,cubed,
2320,Cardamom,
2321,PodsSeeds,
2322,ch,
2323,Cnamon,
2324,Stick,
2325,Cum,
2326,seeds,
2327,Onion,
2328,sliced,
2329,Turmeric,
2330,powder,
2331,Lemon,
2332,juice,
2333,Garam,
2334,mala,
2335,powder,
2336,Amchur,
2337,Mango,
2338,Curd,
2339,Salt,
2340,To,
2341,grd,
2342,Onions,
2343,sliced,
2344,Toma,
2345,chopped,
2346,Ciander,
2347,Leaves,
2348,ch,
2349,Gger,
2350,chopped,
2351,cloves,
2352,Garlic,
2353,Green,
2354,Chilli,
2355,chopped ,
2356,kg,
2357,Chicken,
2358,Red,
2359,Chilli,
2360,powder,
2361,Turmeric,
2362,powder,
2363,Ciander,
2364,Seeds,
2365,Cum,
2366,seeds,
2367,ch,
2368,Cnamon,
2369,Stick,
2370,Cloves,
2371,Poppy,
2372,seeds,
2373,roted,
2374,Garlic,
2375,mced,
2376,Gger,
2377,mced,
2378,Green,
2379,Chillies,
2380,Salt,
2381,Oil,
2382,Onion,
2383,chopped,
2384,Fresh,
2385,coconut,
2386,grated,
2387,Tamard,
2388,Pte,
2389,Ciander,
2390,Leaves,
2391,garnish,
2392,Karela,
2393,Gourd,
2394,sm,
2395,cubes,
2396,Potaes,
2397,sm,
2398,cubes,
2399,Mustard,
2400,seeds,
2401,Fresh,
2402,coconut,
2403,grated,
2404,Ciander,
2405,Seeds,
2406,White,
2407,Urad,
2408,Dal,
2409,Dry,
2410,Red,
2411,Chilli,
2412,Methi,
2413,Seeds,
2414,Tamard,
2415,Water,
2416,Salt,
2417,Sm,
2418,Brjal,
2419,Arhar,
2420,dal,
2421,To,
2422,Tamard,
2423,Water,
2424,Turmeric,
2425,powder,
2426,Mustard,
2427,seeds,
2428,Curry,
2429,leaves,
2430,fely,
2431,chopped,
2432,Salt,
2433,Sesame,
2434,Oil,
2435,Ingredients,
2436,Pitlai,
2437,Podi,
2438,s,
2439,Chana,
2440,dal,
2441,Gram,
2442,White,
2443,Urad,
2444,Dal,
2445,s,
2446,Ciander,
2447,Seeds,
2448,Whole,
2449,Black,
2450,Peppercns,
2451,black,
2452,pepper ,
2453,Dry,
2454,Red,
2455,Chillies,
2456,Fresh,
2457,coconut,
2458,grated,
2459,Asafoetida,
2460,Bmati,
2461,rice,
2462,Chana,
2463,dal,
2464,Gram,
2465,Onions,
2466,thly,
2467,sliced,
2468,Tomaes,
2469,fely,
2470,chopped,
2471,Dry,
2472,Red,
2473,Chillies,
2474,Green,
2475,Chillies,
2476,fely,
2477,chopped,
2478,Garam,
2479,mala,
2480,powder,
2481,pulao,
2482,Turmeric,
2483,powder,
2484,Lemon,
2485,juice,
2486,Cum,
2487,seeds,
2488,Oil,
2489,Salt,
2490,Cabbage,
2491,Gobi,
2492,thly,
2493,sliced,
2494,diced,
2495,Mustard,
2496,seeds,
2497,Cum,
2498,seeds,
2499,Green,
2500,Chillies,
2501,slit,
2502,Tomaes,
2503,fely,
2504,chopped,
2505,Turmeric,
2506,powder,
2507,Ciander,
2508,Powder,
2509,Red,
2510,Chilli,
2511,powder,
2512,Salt,
2513,Oil,
2514,Ciander,
2515,Leaves,
2516,chopped,
2517,s,
2518,Vellai,
2519,Poosanikai,
2520,gourdWhite,
2521,diced,
2522,cubes,
2523,Yellow,
2524,Moong,
2525,Dal,
2526,s,
2527,Chana,
2528,dal,
2529,Gram,
2530,Tamard,
2531,lemon,
2532,sized,
2533,Turmeric,
2534,powder,
2535,Mustard,
2536,seeds,
2537,White,
2538,Urad,
2539,Dal,
2540,Curry,
2541,leaves,
2542,Oil,
2543,Salt,
2544,per,
2545,your,
2546,To rot,
2547,and,
2548,grd:,
2549,White,
2550,Urad,
2551,Dal,
2552,Chana,
2553,dal,
2554,Gram,
2555,Ciander,
2556,Seeds,
2557,Dry,
2558,Red,
2559,Chillies,
2560,Fresh,
2561,coconut,
2562,grated,
2563,Mango,
2564,pte,
2565,Mustard,
2566,seeds,
2567,White,
2568,Urad,
2569,Dal,
2570,Chana,
2571,dal,
2572,Gram,
2573,Curry,
2574,leaves,
2575,s,
2576,Raw,
2577,Peanuts,
2578,Jaggery,
2579,Asafoetida,
2580,s,
2581,Oil,
2582,Ingredients,
2583,mala,
2584,s,
2585,Black,
2586,sesame,
2587,seeds,
2588,Dry,
2589,Red,
2590,Chillies,
2591,s,
2592,Ciander,
2593,Seeds,
2594,Mustard,
2595,seeds,
2596,Methi,
2597,Seeds,
2598,s,
2599,Cum,
2600,seeds,
2601,Whole,
2602,Black,
2603,Peppercns,
2604,Tomaes,
2605,fely,
2606,chopped,
2607,Green,
2608,Chillies,
2609,chopped,
2610,Turmeric,
2611,powder,
2612,Red,
2613,Chilli,
2614,powder,
2615,Salt,
2616,Coconut,
2617,Oil,
2618,Mustard,
2619,seeds,
2620,Curry,
2621,leaves,
2622,ground,
2623,mixture,
2624,Fresh,
2625,coconut,
2626,chopped,
2627,Cum,
2628,seeds,
2629,Pearl,
2630,onions,
2631,halved,
2632,Mango,
2633,pte,
2634,Mustard,
2635,seeds,
2636,White,
2637,Urad,
2638,Dal,
2639,Chana,
2640,dal,
2641,Gram,
2642,Curry,
2643,leaves,
2644,s,
2645,Raw,
2646,Peanuts,
2647,Jaggery,
2648,Asafoetida,
2649,s,
2650,Oil,
2651,Ingredients,
2652,mala,
2653,s,
2654,Black,
2655,sesame,
2656,seeds,
2657,Dry,
2658,Red,
2659,Chillies,
2660,s,
2661,Ciander,
2662,Seeds,
2663,Mustard,
2664,seeds,
2665,Methi,
2666,Seeds,
2667,s,
2668,Cum,
2669,seeds,
2670,Whole,
2671,Black,
2672,Peppercns,
2673,Tomaes,
2674,fely,
2675,chopped,
2676,Green,
2677,Chillies,
2678,chopped,
2679,Turmeric,
2680,powder,
2681,Red,
2682,Chilli,
2683,powder,
2684,Salt,
2685,Coconut,
2686,Oil,
2687,Mustard,
2688,seeds,
2689,Curry,
2690,leaves,
2691,ground,
2692,mixture,
2693,Fresh,
2694,coconut,
2695,chopped,
2696,Cum,
2697,seeds,
2698,Pearl,
2699,onions,
2700,halved,
2701,Ridge,
2702,Gourd,
2703,peeled,
2704,and,
2705,chopped,
2706,sm,
2707,notes,
2708,at,
2709,s,
2710,Mustard,
2711,seeds,
2712,Curry,
2713,leaves,
2714,Green,
2715,Chillies,
2716,slit,
2717,Fresh,
2718,coconut,
2719,grated,
2720,Asafoetida,
2721,a,
2722,Curd,
2723,a,
2724,day,
2725,old,
2726,and,
2727,slightly,
2728,Salt,
2729,required,
2730,Water,
2731,Raw,
2732,Banana,
2733,Green,
2734,pe,
2735,boiled,
2736,Cum,
2737,seeds,
2738,Green,
2739,Chilli,
2740,slit,
2741,Turmeric,
2742,powder,
2743,Ciander,
2744,Powder,
2745,Cum,
2746,powder,
2747,Amchur,
2748,Mango,
2749,s,
2750,Lemon,
2751,Garam,
2752,mala,
2753,powder,
2754,Oil,
2755,Ciander,
2756,Leaves,
2757,chopped,
2758,Salt,
2759,s,
2760,Yellow,
2761,Moong,
2762,Dal,
2763,Onion,
2764,chopped,
2765,Turmeric,
2766,powder,
2767,Ciander,
2768,Leaves,
2769,chopped,
2770,Salt,
2771,Mala,
2772,Grd,
2773,ch,
2774,Cnamon,
2775,Stick,
2776,Cardamom,
2777,Powder,
2778,Cloves,
2779,Dry,
2780,Red,
2781,Chillies,
2782,Whole,
2783,Black,
2784,Peppercns,
2785,Cum,
2786,seeds,
2787,The,
2788,Dough,
2789,s,
2790,All,
2791,Purpose,
2792,Flour,
2793,Water,
2794,water,
2795,The,
2796,Fillg,
2797,Black,
2798,Urad,
2799,Dal,
2800,Cum,
2801,seeds,
2802,Fennel,
2803,seeds,
2804,Khmiri,
2805,Red,
2806,Chilli,
2807,Powder,
2808,Garam,
2809,mala,
2810,powder,
2811,Gger,
2812,Sugar,
2813,Salt,
2814,Oil,
2815,deep,
2816,fryg,
2817,Green,
2818,Moong,
2819,Sprouts,
2820,Fresh,
2821,coconut,
2822,grated,
2823,Whole,
2824,Black,
2825,Peppercns,
2826,Dry,
2827,Red,
2828,Chillies,
2829,Ciander,
2830,Seeds,
2831,Turmeric,
2832,powder,
2833,Tamard,
2834,marble,
2835,sized,
2836,b,
2837,Mustard,
2838,seeds,
2839,Curry,
2840,leaves,
2841,Asafoetida,
2842,Jaggery,
2843,grated,
2844,Oil,
2845,Raw,
2846,Banana,
2847,Onion,
2848,fely,
2849,chopped,
2850,s,
2851,Fresh,
2852,coconut,
2853,grated,
2854,Turmeric,
2855,powder,
2856,Red,
2857,Chilli,
2858,powder,
2859,Asafoetida,
2860,Salt,
2861,Oil,
2862,Kabuli,
2863,Chana,
2864,soaked,
2865,water,
2866,overnight,
2867,and,
2868,boile,
2869,Mustard,
2870,seeds,
2871,Curry,
2872,leaves,
2873,Cloves,
2874,fely,
2875,chopped,
2876,Onion,
2877,chopped,
2878,Fresh,
2879,coconut,
2880,grated,
2881,Tamard,
2882,Water,
2883,Oil,
2884,cookg,
2885,Salt,
2886, ,
2887,Bafat,
2888,Powder,
2889,&,
2890,Byadagi,
2891,Dried,
2892,Chillies,
2893,Ciander,
2894,Seeds,
2895,Cum,
2896,seeds,
2897,Whole,
2898,Black,
2899,Peppercns,
2900,Turmeric,
2901,powder,
2902,Drumstick,
2903,ch,
2904,long,
2905,Brjal,
2906,Mustard,
2907,seeds,
2908,Urad,
2909,Dal,
2910,Flour,
2911,Salt,
2912,Oil,
2913,To,
2914,grd,
2915,Fresh,
2916,coconut,
2917,Dry,
2918,Red,
2919,Chillies,
2920,Ciander,
2921,Seeds,
2922,White,
2923,Urad,
2924,Dal,
2925,Tamard,
2926,Jaggery,
2927,Bajra,
2928,Flour,
2929,Pearl,
2930,soaked,
2931,water,
2932,mutes,
2933,Green,
2934,pe,
2935,Cardamom,
2936,PodsSeeds,
2937,ch,
2938,Cnamon,
2939,Stick,
2940,Bay,
2941,leaf,
2942,s,
2943,Cum,
2944,seeds,
2945,Salt,
2946,Ghee,
2947,cookg,
2948,Potaes,
2949,boiled,
2950,peeled,
2951,and,
2952,roughly,
2953,crumbled,
2954,Onion,
2955,thly,
2956,sliced,
2957,Green,
2958,Chillies,
2959,fely,
2960,chopped,
2961,ch,
2962,Gger,
2963,grated,
2964,cloves,
2965,Garlic,
2966,grated,
2967,Chew,
2968,nuts,
2969,roughly,
2970,chopped,
2971,Gram,
2972,flour,
2973,Turmeric,
2974,powder,
2975,Salt,
2976,Few,
2977,Ciander,
2978,Leaves,
2979,fely,
2980,chopped,
2981,s,
2982,Sesame,
2983,Oil,
2984,Mustard,
2985,seeds,
2986,Chana,
2987,dal,
2988,Gram,
2989,Curry,
2990,leaves,
2991,Carrots,
2992,Methi,
2993,Leaves,
2994,tightly,
2995,packed,
2996,Onion,
2997,fely,
2998,chopped,
2999,Cum,
3000,seeds,
3001,Asafoetida,
3002,A,
3003,Red,
3004,Chilli,
3005,powder,
3006,Ciander,
3007,Powder,
3008,Turmeric,
3009,powder,
3010,Amchur,
3011,Mango,
3012,Salt,
3013,s,
3014,Oil,
3015,Bhdi,
3016,ch,
3017,Salt,
3018,s,
3019,Oil,
3020,Ingredients,
3021,mala,
3022,Fresh,
3023,coconut,
3024,grated,
3025,Methi,
3026,Seeds,
3027,Cum,
3028,seeds,
3029,Dry,
3030,Red,
3031,Chillies,
3032,Ciander,
3033,Seeds,
3034,s,
3035,Sesame,
3036,seeds,
3037,s,
3038,Rice,
3039,cloves,
3040,Garlic,
3041,Tamard,
3042,Water,
3043,Turmeric,
3044,powder,
3045,s,
3046,Jaggery,
3047,Water,
3048,seong,
3049,Oil,
3050,Mustard,
3051,seeds,
3052,SSP,
3053,Asafoetida,
3054,Dry,
3055,Red,
3056,Chillies,
3057,Curry,
3058,leaves,
3059,Onions,
3060,fely,
3061,chopped,
3062,Tomaes,
3063,fely,
3064,chopped,
3065,ch,
3066,Cnamon,
3067,Stick,
3068,Cum,
3069,seeds,
3070,Star,
3071,anise,
3072,s,
3073,Sambar,
3074,Powder,
3075,Salt,
3076,per,
3077,your,
3078,s,
3079,Ghee,
3080,To,
3081,grd,
3082,s,
3083,Roted,
3084,Gram,
3085,Dal,
3086,s,
3087,Fresh,
3088,coconut,
3089,grated,
3090,Green,
3091,Chillies,
3092,Fennel,
3093,seeds,
3094,Water,
3095,s,
3096,Peapple,
3097,Chopped,
3098,chunks,
3099,after,
3100,discardg,
3101,middle,
3102,ption,
3103,and,
3104,ty,
3105,thns,
3106,that,
3107,appear,
3108,on,
3109,sides.,
3110,Dried,
3111,YellowWhite,
3112,Pe,
3113,Onion,
3114,fely,
3115,chopped,
3116,Turmeric,
3117,powder,
3118,s,
3119,Jaggery,
3120,Salt,
3121,Oil,
3122,Mustard,
3123,seeds,
3124,Asafoetida,
3125,pte,
3126,:,
3127,s,
3128,Ciander,
3129,Seeds,
3130,Dry,
3131,Red,
3132,Chillies,
3133,Oil,
3134,Fresh,
3135,coconut,
3136,grated,
3137,Whole,
3138,Eggs,
3139,Onion,
3140,Toma,
3141,Gger,
3142,Garlic,
3143,Pte,
3144,Cum,
3145,seeds,
3146,Turmeric,
3147,powder,
3148,a,
3149,Red,
3150,Chilli,
3151,powder,
3152,Ciander,
3153,Powder,
3154,Garam,
3155,mala,
3156,powder,
3157,Salt,
3158,required,
3159,s,
3160,Oil,
3161,Bay,
3162,leaf,
3163,grdg,
3164,Onion,
3165,cloves,
3166,Garlic,
3167,Mt,
3168,Leaves,
3169,handful,
3170,Fresh,
3171,coconut,
3172,Ciander,
3173,Seeds,
3174,ch,
3175,Cnamon,
3176,Stick,
3177,Cloves,
3178,Fennel,
3179,seeds,
3180,Whole,
3181,Black,
3182,Peppercns,
3183,Star,
3184,anise,
3185,s,
3186,Oil,
3187,Ki,
3188,Gsi,
3189,Mala,
3190,Pte,
3191,Onion,
3192,roughly,
3193,chopped,
3194,cloves,
3195,Garlic,
3196,Byadagi,
3197,Dried,
3198,Chillies,
3199,you,
3200,can,
3201,use,
3202,khmiri,
3203,chillies,
3204,and,
3205,sm,
3206,red,
3207,Ciander,
3208,Seeds,
3209,Cum,
3210,seeds,
3211,Methi,
3212,Seeds,
3213,Whole,
3214,Black,
3215,Peppercns,
3216,Tamard,
3217,lemon,
3218,sized,
3219,Fresh,
3220,coconut,
3221,grated,
3222,Ghee,
3223,curry,
3224,Paneer,
3225,Cottage,
3226,cubes,
3227,Onion,
3228,fely,
3229,sliced,
3230,Salt,
3231,Turmeric,
3232,powder,
3233,Coconut,
3234,milk,
3235,thick,
3236,Coconut,
3237,milk,
3238,th,
3239,:,
3240,Ghee,
3241,ch,
3242,Cnamon,
3243,Stick,
3244,Cloves,
3245,Cardamom,
3246,PodsSeeds,
3247,Curry,
3248,leaves,
3249,Carrot,
3250,diced,
3251,Green,
3252,beans,
3253,ch,
3254,Colocia,
3255,root,
3256,sm,
3257,ones,
3258,Green,
3259,pe,
3260,Potaes,
3261,diced,
3262,Bottle,
3263,gourd,
3264,diced,
3265,Green,
3266,Bell,
3267,Pepper,
3268,diced,
3269,Oil,
3270,fry,
3271,Ghee,
3272,Cum,
3273,seeds,
3274,Asafoetida,
3275,a,
3276,Green,
3277,Chillies,
3278,slit,
3279,s,
3280,Gger,
3281,fely,
3282,chopped,
3283,Turmeric,
3284,powder,
3285,Red,
3286,Chilli,
3287,powder,
3288,Cum,
3289,powder,
3290,Amchur,
3291,Mango,
3292,Garam,
3293,mala,
3294,powder,
3295,Ciander,
3296,Leaves,
3297,Homemade,
3298,ma,
3299,puree,
3300,Ciander,
3301,Leaves,
3302,fely,
3303,chopped,
3304,Mt,
3305,Leaves,
3306,fely,
3307,chopped,
3308,Yellow,
3309,Moong,
3310,Dal,
3311,Chayote,
3312,peeled,
3313,and,
3314,diced,
3315,Pota,
3316,peeled,
3317,and,
3318,diced,
3319,Carrot,
3320,peeled,
3321,and,
3322,diced,
3323,Green,
3324,pe,
3325,Green,
3326,Chillies,
3327,slit,
3328,Turmeric,
3329,powder,
3330,Salt,
3331,Curry,
3332,leaves,
3333,a,
3334,Black,
3335,pepper,
3336,powder,
3337,Coconut,
3338,Oil,
3339,Whole,
3340,Wheat,
3341,Flour,
3342,Spach,
3343,Leaves,
3344,pureed,
3345,Water,
3346,required,
3347,make,
3348,pliable,
3349,dough,
3350,The,
3351,Fillg,
3352,Potaes,
3353,boiled,
3354,and,
3355,mhed,
3356,Paneer,
3357,Cottage,
3358,crumbledgrated,
3359,Ciander,
3360,Leaves,
3361,Garam,
3362,mala,
3363,powder,
3364,Salt,
3365,Cum,
3366,powder,
3367,Red,
3368,Chilli,
3369,powder,
3370,chopped,
3371,green,
3372,chillies,
3373,Mixed,
3374,nuts,
3375,chopped,
3376,Sultana,
3377,Raiss,
3378,Ghee,
3379,smear,
3380,Ingredients,
3381,Curry,
3382,Kala,
3383,Chana,
3384,soaked,
3385,overnight,
3386,and,
3387,cooked,
3388,Coconut,
3389,Oil,
3390,Mustard,
3391,seeds,
3392,Curry,
3393,leaves,
3394,fely,
3395,chopped,
3396,Green,
3397,Chillies,
3398,slit,
3399,Pearl,
3400,onions,
3401,fely,
3402,chopped,
3403,cloves,
3404,Garlic,
3405,fely,
3406,chopped,
3407,ch,
3408,Gger,
3409,fely,
3410,chopped,
3411,Homemade,
3412,ma,
3413,puree,
3414,Turmeric,
3415,powder,
3416,Red,
3417,Chilli,
3418,powder,
3419,Salt,
3420,Ingredients,
3421,be,
3422,ground,
3423,pte,
3424,Fresh,
3425,coconut,
3426,s,
3427,Ciander,
3428,Seeds,
3429,Fennel,
3430,seeds,
3431,Lamb,
3432,trotters,
3433,well,
3434,roted,
3435,&,
3436,rsed,
3437,lamb,
3438,trotters,
3439,Turmeric,
3440,powder,
3441,Ciander,
3442,Powder,
3443,s,
3444,Red,
3445,Chilli,
3446,powder,
3447,per,
3448,your,
3449,Rice,
3450,flour,
3451,Salt,
3452,To,
3453,be,
3454,ground,
3455,pte,
3456,Onion,
3457,chopped,
3458,s,
3459,Oil,
3460,Ciander,
3461,Leaves,
3462,ch,
3463,Gger,
3464,cloves,
3465,Garlic,
3466,ch,
3467,Cnamon,
3468,Stick,
3469,Cloves,
3470,Mangalean,
3471,cucumber,
3472,bite,
3473,sized,
3474,. ,
3475,Chana,
3476,dal,
3477,Gram,
3478,Cum,
3479,seeds,
3480,Bay,
3481,leaf,
3482,Gger,
3483,grated,
3484,Toma,
3485,fely,
3486,chopped,
3487,Ciander,
3488,Powder,
3489,Turmeric,
3490,powder,
3491,Red,
3492,Chilli,
3493,powder,
3494,adjust,
3495,accdg,
3496,Sugar,
3497,Ciander,
3498,Leaves,
3499,sm,
3500,bunch,
3501,chopped,
3502,Ingredients,
3503,Seong,
3504,Oil,
3505,Cum,
3506,seeds,
3507,Dry,
3508,Red,
3509,Chillies,
3510,Salt,
3511,Kabuli,
3512,Chana,
3513,soaked,
3514,and,
3515,cooked,
3516,until,
3517,st,
3518,Green,
3519,Bell,
3520,Pepper,
3521,diced,
3522,Onions,
3523,fely,
3524,chopped,
3525,s,
3526,Gger,
3527,Garlic,
3528,Pte,
3529,s,
3530,Ciander,
3531,Powder,
3532,Red,
3533,Chilli,
3534,powder,
3535,Cum,
3536,powder,
3537,Turmeric,
3538,powder,
3539,Kuri,
3540,Methi,
3541,Fenugreek,
3542,Chew,
3543,nuts,
3544,Homemade,
3545,ma,
3546,puree,
3547,Oil,
3548,cookg,
3549,Salt,
3550,Green,
3551,beans,
3552,Chopped,
3553,Carrot,
3554,chopped,
3555,sm,
3556,cubes,
3557,Green,
3558,pe,
3559,chopped,
3560,sm,
3561,cubes,
3562,Pota,
3563,chopped,
3564,sm,
3565,cubes,
3566,Mangalean,
3567,cucumber,
3568,chopped,
3569,sm,
3570,cubes,
3571,Poted,
3572,gourd,
3573,slit,
3574,Green,
3575,Chillies,
3576,slit,
3577,s,
3578,Coconut,
3579,milk,
3580,Mustard,
3581,seeds,
3582,Cum,
3583,seeds,
3584,Dry,
3585,Red,
3586,Chilli,
3587,Coconut,
3588,Oil,
3589,Curry,
3590,leaves,
3591,Elephant,
3592,yam,
3593,th,
3594,ch,
3595,slices,
3596,Mustard,
3597,seeds,
3598,White,
3599,Urad,
3600,Dal,
3601,Dry,
3602,Red,
3603,Chillies,
3604,Asafoetida,
3605,Curry,
3606,leaves,
3607,rn,
3608,Turmeric,
3609,powder,
3610,s,
3611,Coconut,
3612,Oil,
3613,Curry,
3614,Powder,
3615,Chana,
3616,dal,
3617,Gram,
3618,White,
3619,Urad,
3620,Dal,
3621,s,
3622,Ciander,
3623,Seeds,
3624,Dry,
3625,Red,
3626,Chillies,
3627,broken,
3628,Tamard,
3629,Rajma,
3630,Kidney,
3631,White,
3632,Urad,
3633,Dal,
3634,Oil,
3635,Gger,
3636,Garlic,
3637,Pte,
3638,Cardamom,
3639,PodsSeeds,
3640,Bay,
3641,leaf,
3642,Whole,
3643,Black,
3644,Peppercns,
3645,Cloves,
3646,ch,
3647,Cnamon,
3648,Stick,
3649,Ciander,
3650,Seeds,
3651,Homemade,
3652,ma,
3653,puree,
3654,Cum,
3655,seeds,
3656,Fresh,
3657,cream,
3658,Salt,
3659,Mangalean,
3660,cucumber,
3661,deseeded,
3662,wedges,
3663,with,
3664,sk,
3665,s,
3666,Tamard,
3667,Water,
3668,Arhar,
3669,dal,
3670,To,
3671,Turmeric,
3672,powder,
3673,Salt,
3674,Oil,
3675,cookg,
3676,Ingredients,
3677,be,
3678,ground,
3679,pte,
3680,Ciander,
3681,Seeds,
3682,Cum,
3683,seeds,
3684,Methi,
3685,Seeds,
3686,White,
3687,Urad,
3688,Dal,
3689,Whole,
3690,Black,
3691,Peppercns,
3692,Fresh,
3693,coconut,
3694,grated,
3695,Dry,
3696,Red,
3697,Chillies,
3698,cloves,
3699,Garlic,
3700,Ingredients,
3701,seong,
3702,Oil,
3703,Mustard,
3704,seeds,
3705,White,
3706,Urad,
3707,Dal,
3708,Dry,
3709,Red,
3710,Chillies,
3711,cloves,
3712,Garlic,
3713,Curry,
3714,leaves,
3715,kg,
3716,Chicken,
3717,Whole,
3718,Almonds,
3719,blanched,
3720,Onions,
3721,chopped,
3722,roughly,
3723,&,
3724,made,
3725,pte,
3726,s,
3727,s,
3728,Gger,
3729,Garlic,
3730,Pte,
3731,s,
3732,Red,
3733,Chilli,
3734,powder,
3735,Dry,
3736,Red,
3737,Chillies,
3738,Turmeric,
3739,powder,
3740,Salt,
3741,Poppy,
3742,seeds,
3743,soaked,
3744,Cnamon,
3745,Stick,
3746,Cloves,
3747,Bay,
3748,leaf,
3749,Cardamom,
3750,Powder,
3751,White,
3752,pepper,
3753,powder,
3754,Cum,
3755,seeds,
3756,Curd,
3757,s,
3758,Ghee,
3759,Fresh,
3760,cream,
3761,Ciander,
3762,Leaves,
3763,Kaddu,
3764,diced,
3765,Mustard,
3766,seeds,
3767,White,
3768,Urad,
3769,Dal,
3770,Dry,
3771,Red,
3772,Chillies,
3773,Curry,
3774,leaves,
3775,Jaggery,
3776,Fresh,
3777,coconut,
3778,grated,
3779,s,
3780,Oil,
3781,Salt,
3782,Water,
3783,Yellow,
3784,Moong,
3785,Dal,
3786,Turmeric,
3787,powder,
3788,Shots,
3789,fely,
3790,chopped,
3791,Toma,
3792,fely,
3793,chopped,
3794,Brjal,
3795,cubed,
3796,smer,
3797,brjals,
3798,elevated,
3799,Potaes,
3800,cubed,
3801,Green,
3802,Chillies,
3803,fely,
3804,chopped,
3805,Salt,
3806,Ciander,
3807,Leaves,
3808,Handful,
3809,garnish,
3810,s,
3811,Oil,
3812,Curry,
3813,leaves,
3814,Handful,
3815,Dry,
3816,Red,
3817,Chillies,
3818,Mustard,
3819,seeds,
3820,White,
3821,Urad,
3822,Dal,
3823,Jowar,
3824,Flour,
3825,Bajra,
3826,Flour,
3827,Pearl,
3828,cloves,
3829,Garlic,
3830,fely,
3831,chopped,
3832,s,
3833,Black,
3834,pepper,
3835,powder,
3836,Salt,
3837,per,
3838,your,
3839,Water,
3840,kneadg,
3841,dough,
3842,Kaddu,
3843,Turmeric,
3844,powder,
3845,Salt,
3846,To,
3847,grd ,
3848,Fresh,
3849,coconut,
3850,grated,
3851,Cum,
3852,seeds,
3853,Green,
3854,Chillies,
3855,seong:,
3856,Oil,
3857,Mustard,
3858,seeds,
3859,Curry,
3860,leaves,
3861,Dry,
3862,Red,
3863,Chillies,
3864,broken,
3865,Dry,
3866,Red,
3867,Chillies,
3868,broken,
3869,Cooked,
3870,rice,
3871,Carrot,
3872,diced,
3873,Green,
3874,bell,
3875,peppers,
3876,diced,
3877,Red,
3878,Bell,
3879,pepper,
3880,diced,
3881,Onion,
3882,chopped,
3883,ch,
3884,Gger,
3885,chopped,
3886,cloves,
3887,Garlic,
3888,chopped,
3889,s,
3890,Red,
3891,Chilli,
3892,sauce,
3893,s,
3894,Green,
3895,Chilli,
3896,Sauce,
3897,Chilli,
3898,vegar,
3899,Whole,
3900,Black,
3901,Peppercns,
3902,crushed,
3903,Salt,
3904,Sprg,
3905,Onion,
3906,Greens,
3907,garnish,
3908,Oil,
3909,Burnt,
3910,Garlic,
3911,cloves,
3912,Garlic,
3913,diced,
3914,Oil,
3915,Brjal,
3916,Pota,
3917,Onion,
3918,fely,
3919,chopped,
3920,Fresh,
3921,coconut,
3922,grated,
3923,Turmeric,
3924,powder,
3925,Tamard,
3926,cloves,
3927,Garlic,
3928,ch,
3929,Gger,
3930,s,
3931,Jaggery,
3932,Gram,
3933,flour,
3934,Ciander,
3935,Leaves,
3936,chopped,
3937,Salt,
3938,Whole,
3939,spices,
3940,be,
3941,roted,
3942,Cloves,
3943,ch,
3944,Cnamon,
3945,Stick,
3946,Cardamom,
3947,PodsSeeds,
3948,Whole,
3949,Black,
3950,Peppercns,
3951,Byadagi,
3952,Dried,
3953,Chillies,
3954,grdg,
3955,a,
3956,pte,
3957,Oil,
3958,Onion,
3959,thly,
3960,sliced,
3961,Fresh,
3962,coconut,
3963,grated,
3964,Oil,
3965,Mustard,
3966,seeds,
3967,Asafoetida,
3968,Curry,
3969,leaves,
3970,Black,
3971,Urad,
3972,Dal,
3973,soaked,
3974,overnight,
3975,Onion,
3976,fely,
3977,chopped,
3978,Tomaes,
3979,pureed,
3980,Gger,
3981,Garlic,
3982,Pte,
3983,Green,
3984,Chillies,
3985,Butter,
3986,Cum,
3987,seeds,
3988,Kuri,
3989,Methi,
3990,Fenugreek,
3991,Salt,
3992,Red,
3993,Chilli,
3994,powder,
3995,Chaat,
3996,Mala,
3997,Powder,
3998,Garam,
3999,mala,
4000,powder,
4001,Cum,
4002,powder,
4003,Fresh,
4004,cream,
4005,Arhar,
4006,dal,
4007,To,
4008,Ciander,
4009,Seeds,
4010,Dry,
4011,Red,
4012,Chilli,
4013,Fresh,
4014,coconut,
4015,grated,
4016,Drumstick,
4017,ch,
4018,Jaggery,
4019,grated,
4020,Kokum,
4021,Salt,
4022,Guava,
4023,ripe,
4024,and,
4025,diced,
4026,Mustard,
4027,seeds,
4028,Asafoetida,
4029,Red,
4030,Chilli,
4031,powder,
4032,Ciander,
4033,Powder,
4034,Turmeric,
4035,powder,
4036,Jaggery,
4037,powdered,
4038,Salt,
4039,Oil,
4040,cookg,
4041,Raw,
4042,papaya,
4043,grated,
4044,Pota,
4045,cubed,
4046,Moong,
4047,bi,
4048,lentil,
4049,Turmeric,
4050,powder,
4051,Ciander,
4052,Powder,
4053,Dry,
4054,Red,
4055,Chillies,
4056,spice,
4057,and,
4058,Bay,
4059,leaves,
4060,Cardamom,
4061,PodsSeeds,
4062,Cloves,
4063,ch,
4064,Cnamon,
4065,Stick,
4066,Roted,
4067,Peanuts,
4068,Sultana,
4069,Raiss,
4070,s,
4071,Mustard,
4072,oil,
4073,Ghee,
4074,Garam,
4075,mala,
4076,powder,
4077,Sugar,
4078,Salt,
4079,Gawar,
4080,Phali,
4081,Cluster,
4082,cleaned,
4083,and,
4084,ch,
4085,Oil,
4086,Ajwa,
4087,Onion,
4088,fely,
4089,chopped,
4090,Tomaes,
4091,fely,
4092,chopped,
4093,cloves,
4094,Garlic,
4095,fely,
4096,chopped,
4097,ch,
4098,Gger,
4099,fely,
4100,chopped,
4101,Ciander,
4102,Powder,
4103,Red,
4104,Chilli,
4105,powder,
4106,Turmeric,
4107,powder,
4108,Salt,
4109,Ciander,
4110,Leaves,
4111,required,
4112,chopped,
4113,Ki,
4114,Gsi,
4115,Mala,
4116,Onion,
4117,roughly,
4118,chopped,
4119,cloves,
4120,Garlic,
4121, cloves garlic,
4122,Byadagi,
4123,Dried,
4124,Chillies,
4125,You,
4126,can,
4127,use,
4128,khmiri,
4129,chillies,
4130,and,
4131,sm,
4132,red,
4133,Ciander,
4134,Seeds,
4135,Cum,
4136,seeds,
4137,Methi,
4138,Seeds,
4139,Whole,
4140,Black,
4141,Peppercns,
4142,Tamard,
4143,lemon,
4144,sized,
4145,Fresh,
4146,coconut,
4147,grated,
4148,Ghee,
4149,curry,
4150,kg,
4151,Chicken,
4152,medium,
4153,curry,
4154,Onion,
4155,fely,
4156,sliced,
4157,Salt,
4158,Turmeric,
4159,powder,
4160,Coconut,
4161,milk,
4162,thick,
4163,Coconut,
4164,milk,
4165,th,
4166,:,
4167,Ghee,
4168,ch,
4169,Cnamon,
4170,Stick,
4171,Cloves,
4172,Cardamom,
4173,PodsSeeds,
4174,Curry,
4175,leaves,
4176,s,
4177,Bottle,
4178,gourd,
4179,sm,
4180,Arhar,
4181,dal,
4182,To,
4183,soaked,
4184,mutes,
4185,Mustard,
4186,seeds,
4187,Curry,
4188,leaves,
4189,Asafoetida,
4190,Cum,
4191,seeds,
4192,Tomaes,
4193,chopped,
4194,Green,
4195,Chilli,
4196,chopped,
4197,Black,
4198,pepper,
4199,powder,
4200,Turmeric,
4201,powder,
4202,Red,
4203,Chilli,
4204,powder,
4205,Fish,
4206,nicely,
4207,whed,
4208,with,
4209,bones,
4210,on,
4211,used,
4212,maration,
4213,s,
4214,Curd,
4215,Onions,
4216,fely,
4217,chopped,
4218,Green,
4219,Chillies,
4220,chopped,
4221,Tandoi,
4222,mala,
4223,Gger,
4224,Garlic,
4225,Pte,
4226,Red,
4227,Chilli,
4228,powder,
4229,Garam,
4230,mala,
4231,powder,
4232,Ciander,
4233,Powder,
4234,Cum,
4235,powder,
4236,Ciander,
4237,Leaves,
4238,fely,
4239,chopped,
4240,Oil,
4241,Salt,
4242,Black,
4243,Eyed,
4244,Beans,
4245,Arhar,
4246,dal,
4247,To,
4248,Onion,
4249,fely,
4250,chopped,
4251,Toma,
4252,fely,
4253,chopped,
4254,Sambar,
4255,Powder,
4256,Red,
4257,Chilli,
4258,powder,
4259,Turmeric,
4260,powder,
4261,+,
4262,Salt,
4263,cloves,
4264,Garlic,
4265,Ciander,
4266,Leaves,
4267,fely,
4268,chopped,
4269,s,
4270,Oil,
4271,Asafoetida,
4272,Dry,
4273,Red,
4274,Chilli,
4275,Methi,
4276,Seeds,
4277,Mustard,
4278,seeds,
4279,White,
4280,Urad,
4281,Dal,
4282,Mango,
4283,peeled,
4284,and,
4285,chopped,
4286,Fresh,
4287,coconut,
4288,grated,
4289,White,
4290,Urad,
4291,Dal,
4292,Methi,
4293,Seeds,
4294,Bmati,
4295,rice,
4296,Dry,
4297,Red,
4298,Chillies,
4299,Turmeric,
4300,powder,
4301,Curry,
4302,leaves,
4303,few,
4304,Mustard,
4305,seeds,
4306,Asafoetida,
4307,a,
4308, ,
4309,s,
4310,Jaggery,
4311,adjustable,
4312,Salt,
4313,Coconut,
4314,Oil,
4315,required,
4316,Caullower,
4317,flets,
4318,Soy,
4319,Chunks,
4320,soaked,
4321,warm,
4322,water,
4323,Onion,
4324,fely,
4325,chopped,
4326,Mustard,
4327,seeds,
4328,Cum,
4329,seeds,
4330,Fresh,
4331,coconut,
4332,grated,
4333,Green,
4334,Chillies,
4335,fely,
4336,chopped,
4337,slit,
4338,Red,
4339,Chilli,
4340,powder,
4341,Garam,
4342,mala,
4343,powder,
4344,Turmeric,
4345,powder,
4346,Ciander,
4347,Leaves,
4348,fely,
4349,chopped,
4350,Curry,
4351,leaves,
4352,Oil,
4353,Salt,
4354,per,
4355,your,
4356,Water,
4357,s,
4358,Lemon,
4359,juice,
4360,optional,
4361,Cabbage,
4362,Gobi,
4363,shredded,
4364,Carrot,
4365,th,
4366,strips,
4367,Green,
4368,Bell,
4369,Pepper,
4370,thly,
4371,sliced,
4372,Tomaes,
4373,Green,
4374,pe,
4375,s,
4376,Chew,
4377,nuts,
4378,Oil,
4379,Bay,
4380,leaf,
4381,Cardamom,
4382,PodsSeeds,
4383,Black,
4384,cardamom,
4385,Cloves,
4386,ch,
4387,Cnamon,
4388,Stick,
4389,Onion,
4390,fely,
4391,chopped,
4392,Gger,
4393,Garlic,
4394,Pte,
4395,Turmeric,
4396,powder,
4397,Khmiri,
4398,Red,
4399,Chilli,
4400,Powder,
4401,Ciander,
4402,Powder,
4403,Green,
4404,Chillies,
4405,slit,
4406,Water,
4407,Garam,
4408,mala,
4409,powder,
4410,Ciander,
4411,Leaves,
4412,a,
4413,sm,
4414,bunch,
4415,fely,
4416,chopped,
4417,Sugar,
4418,s,
4419,Fresh,
4420,cream,
4421,Salt,
4422,Methi,
4423,Leaves,
4424,Carrot,
4425,grated,
4426,Tamard,
4427,Pte,
4428,Green,
4429,Chillies,
4430,fely,
4431,chopped,
4432,Jaggery,
4433,Turmeric,
4434,powder,
4435,Salt,
4436,Tadka,
4437,Dry,
4438,Red,
4439,Chillies,
4440,Oil,
4441,s,
4442,White,
4443,Urad,
4444,Dal,
4445,Mustard,
4446,seeds,
4447,Cum,
4448,seeds,
4449,Green,
4450,Moong,
4451,Sprouts,
4452,Tamard,
4453,Pte,
4454,Turmeric,
4455,powder,
4456,Sugar,
4457,Salt,
4458,To,
4459,be,
4460,rot,
4461,and,
4462,ground,
4463,smooth,
4464,pte,
4465,Fresh,
4466,coconut,
4467,grated,
4468,Dry,
4469,Red,
4470,Chillies,
4471,Ciander,
4472,Seeds,
4473,Oil,
4474,Mustard,
4475,seeds,
4476,Asafoetida,
4477,a,
4478,Curry,
4479,leaves,
4480,rn,
4481,s,
4482,Cooked,
4483,rice,
4484,gray,
4485,m,
4486,Mustard,
4487,seeds,
4488,White,
4489,Urad,
4490,Dal,
4491,Raw,
4492,Peanuts,
4493,Curry,
4494,leaves,
4495,roughly,
4496,chopped,
4497,ch,
4498,Gger,
4499,grated,
4500,Green,
4501,Chillies,
4502,fely,
4503,chopped,
4504,Turmeric,
4505,powder,
4506,Salt,
4507,Sesame,
4508,Oil,
4509,Ciander,
4510,Leaves,
4511,a,
4512,sm,
4513,bunch,
4514,fely,
4515,chopped,
4516,Arhar,
4517,dal,
4518,To,
4519,s,
4520,Water,
4521,Turmeric,
4522,powder,
4523,Gger,
4524,fely,
4525,grated,
4526,Green,
4527,Chillies,
4528,slit,
4529,Tamard,
4530,Lemon,
4531,juice,
4532,Ghee,
4533,Mustard,
4534,seeds,
4535,Asafoetida,
4536,Curry,
4537,leaves,
4538,Handful,
4539,Ciander,
4540,Leaves,
4541,Handful,
4542,Chicken,
4543,curry,
4544,Tamard,
4545,Water,
4546,Salt,
4547,Salt,
4548,s,
4549,Oil,
4550,xai,
4551,mala,
4552,Onion,
4553,fely,
4554,chopped,
4555,ch,
4556,Gger,
4557,fely,
4558,chopped,
4559,cloves,
4560,Garlic,
4561,fely,
4562,chopped,
4563,Khmiri,
4564,dry,
4565,red,
4566,chilli,
4567,Fresh,
4568,coconut,
4569,Poppy,
4570,seeds,
4571,Cloves,
4572,ch,
4573,Cnamon,
4574,Stick,
4575,Black,
4576,pepper,
4577,cns,
4578,s,
4579,Cum,
4580,seeds,
4581,Ciander,
4582,Seeds,
4583,Fennel,
4584,seeds,
4585,Turmeric,
4586,powder,
4587,Sesame,
4588,seeds,
4589,Methi,
4590,Seeds,
4591,Oil,
4592,Paneer,
4593,Cottage,
4594,Mustard,
4595,oil,
4596,refed,
4597,oil,
4598,required,
4599,Saffron,
4600,strands,
4601,Bay,
4602,leaf,
4603,Cnamon,
4604,Stick,
4605,Cloves,
4606,Milk,
4607,s,
4608,Water,
4609,s,
4610,Turmeric,
4611,powder,
4612,Cum,
4613,powder,
4614,s,
4615,Fennel,
4616,Powder,
4617,Salt,
4618,Cardamom,
4619,Powder,
4620,Ciander,
4621,Leaves,
4622,garnish,
4623,Ingredients ,
4624,Palak,
4625,Puree,
4626,Spach,
4627,Leaves,
4628,cleaned,
4629,Salt,
4630,a,
4631,cloves,
4632,Garlic,
4633,Green,
4634,Chillies,
4635,Ingredients,
4636,Chicken,
4637,Marade,
4638,Chicken,
4639,curry,
4640,s,
4641,Curd,
4642,Khmiri,
4643,Red,
4644,Chilli,
4645,Powder,
4646,Garam,
4647,mala,
4648,powder,
4649,Ciander,
4650,Powder,
4651,Salt,
4652,Ingredients,
4653,Murgh,
4654,Mala,
4655,Ghee,
4656,chopped,
4657,Bay,
4658,leaf,
4659,Cardamom,
4660,PodsSeeds,
4661,chopped,
4662,ch,
4663,Cnamon,
4664,Stick,
4665,Onion,
4666,Fely,
4667,Chopped,
4668,ch,
4669,Gger,
4670,cloves,
4671,Garlic,
4672,Butter,
4673,Fresh,
4674,cream,
4675,Kuri,
4676,Methi,
4677,Fenugreek,
4678,Ridge,
4679,Gourd,
4680,peeled,
4681,&,
4682,fely,
4683,chopped,
4684,ml,
4685,Milk,
4686,ch,
4687,Gger,
4688,grated,
4689,Green,
4690,Chillies,
4691,slit,
4692,Dry,
4693,Red,
4694,Chillies,
4695,Mustard,
4696,seeds,
4697,s,
4698,Mustard,
4699,oil,
4700,Ghee,
4701,Sugar,
4702,Salt,
4703,Whole,
4704,Wheat,
4705,Flour,
4706,Salt,
4707,optional,
4708,Oil,
4709,Ghee,
4710,servg,
4711,Red,
4712,Amaranth,
4713,Leaves,
4714,You,
4715,can,
4716,use,
4717,spach,
4718,also ,
4719,Fresh,
4720,coconut,
4721,grated,
4722,Dry,
4723,Red,
4724,Chillies,
4725,Green,
4726,Chillies,
4727,Mustard,
4728,seeds,
4729,Cum,
4730,seeds,
4731,Tamard,
4732,marble,
4733,sized,
4734,Salt,
4735,Oil,
4736,Oil,
4737,Mustard,
4738,seeds,
4739,Dry,
4740,Red,
4741,Chillies,
4742,White,
4743,Urad,
4744,Dal,
4745,Curry,
4746,leaves,
4747,dough,
4748,Whole,
4749,Wheat,
4750,Flour,
4751,Salt,
4752,Water,
4753,required,
4754,stuffg,
4755,Gram,
4756,flour,
4757,Broccoli,
4758,flets,
4759,blitzed,
4760,sm,
4761,Dill,
4762,leaves,
4763,chopped,
4764,Red,
4765,Bell,
4766,pepper,
4767,chopped,
4768,Onion,
4769,chopped,
4770,ch,
4771,Gger,
4772,chopped,
4773,cloves,
4774,Garlic,
4775,chopped,
4776,Red,
4777,Chilli,
4778,powder,
4779,Turmeric,
4780,powder,
4781,Salt,
4782,Oil,
4783,Green,
4784,Moong,
4785,Dal,
4786,coconut,
4787,mala,
4788,Fresh,
4789,coconut,
4790,grated,
4791,Dry,
4792,Red,
4793,Chilli,
4794,lightly,
4795,roted,
4796,Tamard,
4797,Pte,
4798,sm,
4799,gooseberry,
4800,sized,
4801,tamard,
4802,seeds,
4803,and,
4804,fibre,
4805,s,
4806,Coconut,
4807,Oil,
4808,Mustard,
4809,seeds,
4810,Curry,
4811,leaves,
4812,Salt,
4813,Kala,
4814,Chana,
4815,soaked,
4816,hours,
4817,Tda,
4818,length,
4819,wise,
4820,cloves,
4821,Garlic,
4822,Mustard,
4823,seeds,
4824,Curry,
4825,leaves,
4826,Onion,
4827,chopped,
4828,Fresh,
4829,coconut,
4830,grated,
4831,Jaggery,
4832,Oil,
4833,cookg,
4834,Salt,
4835, ,
4836,Kundapura,
4837,Taal,
4838,Mala,
4839,Powder,
4840,Dry,
4841,Red,
4842,Chillies,
4843,Ciander,
4844,Seeds,
4845,Methi,
4846,Seeds,
4847,Whole,
4848,Black,
4849,Peppercns,
4850,Cum,
4851,seeds,
4852,cloves,
4853,Garlic,
4854,Jackfruit,
4855,Raw,
4856,shredded,
4857,Yellow,
4858,Moong,
4859,Dal,
4860,Oil,
4861,Black,
4862,Urad,
4863,Dal,
4864,Cum,
4865,seeds,
4866,Mustard,
4867,seeds,
4868,Dry,
4869,Red,
4870,Chillies,
4871,Asafoetida,
4872,Curry,
4873,leaves,
4874,Turmeric,
4875,powder,
4876,Salt,
4877,Tu,
4878,crumbled,
4879,Onion,
4880,chopped,
4881,Red,
4882,Bell,
4883,pepper,
4884,Toma,
4885,chopped,
4886,Green,
4887,Chilli,
4888,chopped,
4889,Cum,
4890,seeds,
4891,Red,
4892,Chilli,
4893,powder,
4894,Black,
4895,pepper,
4896,powder,
4897,Turmeric,
4898,powder,
4899,Ciander,
4900,Leaves,
4901,chopped,
4902,Salt,
4903,Oil,
4904,Chicken,
4905,Spach,
4906,roughly,
4907,chopped,
4908,Ajwa,
4909,s,
4910,Ghee,
4911,cloves,
4912,Garlic,
4913,Cardamom,
4914,PodsSeeds,
4915,ch,
4916,Cnamon,
4917,Stick,
4918,Cloves,
4919,ch,
4920,Gger,
4921,Green,
4922,Chillies,
4923,Onion,
4924,thly,
4925,sliced,
4926,Red,
4927,Chilli,
4928,powder,
4929,Garam,
4930,mala,
4931,powder,
4932,s,
4933,Fresh,
4934,cream,
4935,Salt,
4936,cloves,
4937,Garlic,
4938,Green,
4939,Chillies,
4940,Ciander,
4941,Leaves,
4942,fely,
4943,chopped,
4944,s,
4945,Makki,
4946,Ka,
4947,Atta,
4948,Cn,
4949,Meal,
4950,Bakg,
4951,soda,
4952,Salt,
4953,required,
4954,Water,
4955,required,
4956,Black,
4957,Eyed,
4958,Beans,
4959,Turmeric,
4960,powder,
4961,Ciander,
4962,Powder,
4963,Chicken,
4964,with,
4965,bone,
4966,Mo,
4967,Dal,
4968,Onions,
4969,sliced,
4970,Green,
4971,Chilli,
4972,slit,
4973,ch,
4974,Gger,
4975,chopped,
4976,cloves,
4977,Garlic,
4978,chopped,
4979,Turmeric,
4980,powder,
4981,Cum,
4982,powder,
4983,Red,
4984,Chilli,
4985,powder,
4986,Garam,
4987,mala,
4988,powder,
4989,Lemon,
4990,juice,
4991,Salt,
4992,Oil,
4993,Chicken,
4994,Onion,
4995,fely,
4996,chopped,
4997,Toma,
4998,fely,
4999,chopped,
5000,Green,
5001,Chillies,
5002,slit,
5003,ch,
5004,Gger,
5005,fely,
5006,chopped,
5007,cloves,
5008,Garlic,
5009,fely,
5010,chopped,
5011,Turmeric,
5012,powder,
5013,Garam,
5014,mala,
5015,powder,
5016,Sesame,
5017,Oil,
5018,Salt,
5019,To,
5020,be,
5021,roted,
5022,Methi,
5023,Seeds,
5024,Ciander,
5025,Seeds,
5026,Dry,
5027,Red,
5028,Chillies,
5029,Fennel,
5030,seeds,
5031,Gongura,
5032,Mala,
5033,Sesame,
5034,Oil,
5035,cloves,
5036,Garlic,
5037,s,
5038,Srel,
5039,Leaves,
5040,picked,
5041,and,
5042,chopped,
5043,Salt,
5044,s,
5045,Pota,
5046,julienned,
5047,straws,
5048,Whole,
5049,Egg,
5050,Toma,
5051,fely,
5052,chopped,
5053,s,
5054,Ciander,
5055,Leaves,
5056,chopped,
5057,Salt,
5058, ,
5059,Black,
5060,pepper,
5061,powder,
5062,freshly,
5063,crushed,
5064,Ghee,
5065,s,
5066,Bhdi,
5067,Yellow,
5068,Moong,
5069,Dal,
5070,Tamard,
5071,Water,
5072,Jaggery,
5073,Turmeric,
5074,powder,
5075,Green,
5076,Chilli,
5077,chopped,
5078,Red,
5079,Chilli,
5080,powder,
5081,Salt,
5082,Oil,
5083,Sambar,
5084,Powder,
5085,White,
5086,Urad,
5087,Dal,
5088,Mustard,
5089,seeds,
5090,Cum,
5091,seeds,
5092,ch,
5093,Cnamon,
5094,Stick,
5095,Dry,
5096,Red,
5097,Chillies,
5098,Ciander,
5099,Seeds,
5100,Asafoetida,
5101,Mustard,
5102,seeds,
5103,Cum,
5104,seeds,
5105,White,
5106,Urad,
5107,Dal,
5108,Curry,
5109,leaves,
5110,Dry,
5111,Red,
5112,Chilli,
5113,Asafoetida,
5114,Oil,
5115,Ciander,
5116,Leaves,
5117,chopped,
5118,Chicken,
5119,curry,
5120,Onions,
5121,sliced,
5122,Tomaes,
5123,fely,
5124,chopped,
5125,ch,
5126,Gger,
5127,mced,
5128,cloves,
5129,Garlic,
5130,mced,
5131,Red,
5132,Chilli,
5133,powder,
5134,Turmeric,
5135,powder,
5136,Chicken,
5137,mala,
5138,can,
5139,use,
5140,or,
5141,o,
5142,but,
5143,I,
5144,prefer,
5145,etern,
5146,mal,
5147,kerala,
5148,style,
5149,Fresh,
5150,coconut,
5151,grated,
5152,Cloves,
5153,ch,
5154,Cnamon,
5155,Stick,
5156,Curry,
5157,leaves,
5158,Handful,
5159,s,
5160,Coconut,
5161,Oil,
5162,To,
5163,Marate,
5164,Chicken,
5165,Chicken,
5166,with,
5167,bones,
5168,gives,
5169,better,
5170,cloves,
5171,Garlic,
5172,ch,
5173,Gger,
5174,Turmeric,
5175,powder,
5176,Lemon,
5177,juice,
5178,extracted,
5179,Chettad,
5180,Chicken,
5181,Onion,
5182,fely,
5183,chopped,
5184,cloves,
5185,Garlic,
5186,fely,
5187,chopped,
5188,ch,
5189,Gger,
5190,fely,
5191,chopped,
5192,Toma,
5193,fely,
5194,chopped,
5195,Curry,
5196,leaves,
5197,roughly,
5198,rn,
5199,Turmeric,
5200,powder,
5201,Cum,
5202,powder,
5203,roted,
5204,Fennel,
5205,Powder,
5206,roted,
5207,Ciander,
5208,Powder,
5209,roted,
5210,Black,
5211,pepper,
5212,powder,
5213,Salt,
5214,Oil,
5215,required,
5216,Water,
5217,required,
5218,Ciander,
5219,Leaves,
5220,garnish,
5221,Bmati,
5222,rice,
5223,cooked,
5224,Green,
5225,pe,
5226,Carrot,
5227,chopped,
5228,Green,
5229,beans,
5230,chopped,
5231,Onion,
5232,chopped,
5233,Salt,
5234,Ciander,
5235,Leaves,
5236,chopped,
5237,s,
5238,Mt,
5239,Leaves,
5240,chopped,
5241,dried,
5242,puda,
5243,crushed,
5244,Oil,
5245,cook,
5246,Garlic,
5247,crushed,
5248,Green,
5249,Chillies,
5250,chopped,
5251,Cum,
5252,seeds,
5253,Mustard,
5254,seeds,
5255,Bay,
5256,leaf,
5257,Cloves,
5258,Bmati,
5259,rice,
5260,cooked,
5261,Green,
5262,pe,
5263,Carrot,
5264,chopped,
5265,Green,
5266,beans,
5267,chopped,
5268,Onion,
5269,chopped,
5270,Salt,
5271,Ciander,
5272,Leaves,
5273,chopped,
5274,s,
5275,Mt,
5276,Leaves,
5277,chopped,
5278,dried,
5279,puda,
5280,crushed,
5281,Oil,
5282,cook,
5283,Garlic,
5284,crushed,
5285,Green,
5286,Chillies,
5287,chopped,
5288,Cum,
5289,seeds,
5290,Mustard,
5291,seeds,
5292,Bay,
5293,leaf,
5294,Cloves,
5295,Sweet,
5296,Pota,
5297,peeled,
5298,and,
5299,diced,
5300,Potaes,
5301,peeled,
5302,and,
5303,diced,
5304,Carrot,
5305,peeled,
5306,and,
5307,diced,
5308,s,
5309,Avarekai,
5310,chopped,
5311,s,
5312,Methi,
5313,Leaves,
5314,chopped,
5315,Green,
5316,Chillies,
5317,Water,
5318,s,
5319,Sesame,
5320,seeds,
5321,Fresh,
5322,coconut,
5323,Jaggery,
5324,Salt,
5325,Turmeric,
5326,powder,
5327,Oil,
5328,Mustard,
5329,seeds,
5330,Cum,
5331,seeds,
5332,Curry,
5333,leaves,
5334,s,
5335,Cooked,
5336,rice,
5337,Salt,
5338,Seong,
5339,Mustard,
5340,seeds,
5341,White,
5342,Urad,
5343,Dal,
5344,Curry,
5345,leaves,
5346,Turmeric,
5347,powder,
5348,Roted,
5349,Peanuts,
5350,s,
5351,Sambar,
5352,Powder,
5353,Ggelly,
5354,oil,
5355,cookg,
5356,To,
5357,be,
5358,ground,
5359,Fresh,
5360,coconut,
5361,Ciander,
5362,Leaves,
5363,Curry,
5364,leaves,
5365,Ghee,
5366,flavour,
5367,Arhar,
5368,dal,
5369,To,
5370,Turmeric,
5371,powder,
5372,Salt,
5373,Ghee,
5374,Dry,
5375,Red,
5376,Chillies,
5377,Mustard,
5378,seeds,
5379,Asafoetida,
5380,Curry,
5381,leaves,
5382,Ciander,
5383,Leaves,
5384,few,
5385,garnish,
5386,Brjal,
5387,diced,
5388,Pearl,
5389,onions,
5390,quatered,
5391,Tomaes,
5392,quartered,
5393,ch,
5394,Gger,
5395,fely,
5396,chopped,
5397,Tamard,
5398,Water,
5399,Sambar,
5400,Powder,
5401,SSP,
5402,Asafoetida,
5403,Turmeric,
5404,powder,
5405,Jaggery,
5406,Mustard,
5407,seeds,
5408,Curry,
5409,leaves,
5410,Ggelly,
5411,oil,
5412,Salt,
5413,Ciander,
5414,Leaves,
5415,garnish,
5416,Paneer,
5417,Cottage,
5418,cubed,
5419,Onions,
5420,fely,
5421,chopped,
5422,Tomaes,
5423,fely,
5424,chopped,
5425,Gger,
5426,fely,
5427,chopped,
5428,Garlic,
5429,fely,
5430,chopped,
5431,Turmeric,
5432,powder,
5433,Cum,
5434,seeds,
5435,Red,
5436,Chilli,
5437,powder,
5438,Garam,
5439,mala,
5440,powder,
5441,s,
5442,Kuri,
5443,Methi,
5444,Fenugreek,
5445,Salt,
5446,Oil,
5447,required,
5448,Sm,
5449,Brjal,
5450,Onion,
5451,fely,
5452,chopped,
5453,Mustard,
5454,seeds,
5455,Salt,
5456,s,
5457,Oil,
5458,Ciander,
5459,Leaves,
5460,Roted,
5461,Peanuts,
5462,pte,
5463,Fresh,
5464,coconut,
5465,freshly,
5466,grated,
5467,s,
5468,Raw,
5469,Peanuts,
5470,s,
5471,Tamard,
5472,Pte,
5473,Dry,
5474,Red,
5475,Chillies,
5476,fillg,
5477,s,
5478,Cum,
5479,seeds,
5480,Red,
5481,Chilli,
5482,powder,
5483,Turmeric,
5484,powder,
5485,Salt,
5486,Green,
5487,Bell,
5488,Pepper,
5489,any,
5490,or,
5491,colour,
5492,your,
5493,choice,
5494,Onion,
5495,Tomaes,
5496,Garam,
5497,mala,
5498,powder,
5499,Turmeric,
5500,powder,
5501,a,
5502,Gger,
5503,Garlic,
5504,Pte,
5505,Water,
5506,Salt,
5507,Cum,
5508,seeds,
5509,Red,
5510,Chilli,
5511,powder,
5512,Oil,
5513,Kuri,
5514,Methi,
5515,Fenugreek,
5516,pte,
5517,s,
5518,Raw,
5519,Peanuts,
5520,Sesame,
5521,seeds,
5522,Ciander,
5523,Seeds,
5524,s,
5525,Fresh,
5526,coconut,
5527,Sghade,
5528,pressure,
5529,cooked,
5530,and,
5531,sk,
5532,peeled,
5533,s,
5534,Cooked,
5535,rice,
5536,Bay,
5537,leaf,
5538,Star,
5539,anise,
5540,Cloves,
5541,Cum,
5542,seeds,
5543,Turmeric,
5544,powder,
5545,Salt,
5546,Black,
5547,pepper,
5548,powder,
5549,Oil,
5550,Ciander,
5551,Leaves,
5552,chopped,
5553,s,
5554,Mixed,
5555,vegetables,
5556,Arhar,
5557,dal,
5558,To,
5559,Turmeric,
5560,powder,
5561,To,
5562,be,
5563,ground,
5564,a,
5565,pte,
5566,Fresh,
5567,coconut,
5568,grated,
5569,s,
5570,White,
5571,Urad,
5572,Dal,
5573,Mustard,
5574,seeds,
5575,Dry,
5576,Red,
5577,Chillies,
5578,Cum,
5579,seeds,
5580,Coconut,
5581,Oil,
5582,Mustard,
5583,seeds,
5584,Dry,
5585,Red,
5586,Chillies,
5587,Curry,
5588,leaves,
5589,handful,
5590,Chew,
5591,nuts,
5592,Arhar,
5593,dal,
5594,To,
5595,whed,
5596,Mo,
5597,Dal,
5598,whed,
5599,Salt,
5600,Turmeric,
5601,powder,
5602,Ghee,
5603,Mustard,
5604,seeds,
5605,Cum,
5606,seeds,
5607,Asafoetida,
5608,Dry,
5609,Red,
5610,Chillies,
5611,Jaggery,
5612,mala,
5613,Fresh,
5614,coconut,
5615,grated,
5616,Cum,
5617,seeds,
5618,Dry,
5619,Red,
5620,Chilli,
5621,cloves,
5622,Garlic,
5623,ग्राम,
5624,अरबी,
5625,उबली,
5626,और,
5627,गोलाकार,
5628,काटी,
5629,हुई,
5630,कप,
5631,टमाटर,
5632,छोटा,
5633,चमच्च,
5634,अदरक,
5635,पेस्ट,
5636,छोटा,
5637,चमच्च,
5638,लहसुन,
5639,पेस्ट,
5640,प्याज,
5641,बारीक,
5642,काटा,
5643,हुआ,
5644,हरी,
5645,मिर्च,
5646,बारीक,
5647,कटी,
5648,हुई,
5649,छोटा,
5650,चमच्च,
5651,अमचूर,
5652,पाउडर,
5653,छोटा,
5654,चमच्च,
5655,धनिया,
5656,पाउडर,
5657,छोटा,
5658,चमच्च,
5659,लाल,
5660,मिर्च,
5661,पाउडर,
5662,छोटा,
5663,चमच्च,
5664,गरम,
5665,मसाला,
5666,पाउडर,
5667,नमक,
5668,स्वाद,
5669,अनुसार,
5670,अजवाइन,
5671,थोड़ी,
5672,हरा,
5673,धनिया,
5674,थोड़ा,
5675,हींग,
5676,चुटकी,
5677,भर,
5678,छोटा,
5679,चमच्च,
5680,कसूरी,
5681,मेथी,
5682,बड़ा,
5683,चमच्च,
5684,तेल,
5685,Black,
5686,Urad,
5687,Dal,
5688,Brjal,
5689,slit,
5690,lengthwise,
5691,Drumstick,
5692,chopped,
5693,ch,
5694,Tamard,
5695,gooseberry,
5696,sized,
5697,soaked,
5698,water,
5699,mutes,
5700,cloves,
5701,Garlic,
5702,peeled,
5703,Turmeric,
5704,powder,
5705,Red,
5706,Chilli,
5707,powder,
5708,Ciander,
5709,Powder,
5710,s,
5711,Sesame,
5712,Oil,
5713,refed,
5714,oil,
5715,can,
5716,be,
5717,used,
5718,o,
5719,Asafoetida,
5720,Salt,
5721,Water,
5722,cook,
5723,Ingredients,
5724,Grd:,
5725,Fresh,
5726,coconut,
5727,chopped,
5728,Cum,
5729,seeds,
5730,Shots,
5731,Ingredients,
5732,Temperg,
5733,Mustard,
5734,seeds,
5735,Shots,
5736,fely,
5737,chopped,
5738,Dry,
5739,Red,
5740,Chilli,
5741,Curry,
5742,leaves,
5743,fely,
5744,chopped,
5745,To,
5746,make,
5747,Nimki,
5748,All,
5749,Purpose,
5750,Flour,
5751,Ajwa,
5752,Sooji,
5753,Ghee,
5754,Salt,
5755,Water,
5756,required,
5757,dough,
5758,mixg,
5759,Oil,
5760,required,
5761,fryg,
5762,curry,
5763,Potaes,
5764,peeled,
5765,and,
5766,diced,
5767,Onion,
5768,fely,
5769,chopped,
5770,Gger,
5771,Garlic,
5772,Pte,
5773,Homemade,
5774,ma,
5775,puree,
5776,s,
5777,Oil,
5778,Cum,
5779,seeds,
5780,Turmeric,
5781,powder,
5782,Red,
5783,Chilli,
5784,powder,
5785,Ciander,
5786,Powder,
5787,Anardana,
5788,Powder,
5789,Seed,
5790,Fennel,
5791,seeds,
5792,powdered,
5793,Sugar,
5794,Garam,
5795,mala,
5796,powder,
5797,Salt,
5798,Kuri,
5799,Methi,
5800,Fenugreek,
5801,:Ciander,
5802,Leaves,
5803,chopped,
5804,Fresh,
5805,Pomegranate,
5806,Fruit,
5807,Kernels,
5808,required,
5809,Lemon,
5810,wedges,
5811,required,
5812,Onion,
5813,fely,
5814,chopped,
5815,s,
5816,Mixed,
5817,Sprouts,
5818,boiled,
5819,Onion,
5820,thly,
5821,sliced,
5822,Tomaes,
5823,thly,
5824,sliced,
5825,Green,
5826,Chillies,
5827,slit,
5828,ch,
5829,Cnamon,
5830,Stick,
5831,Bay,
5832,leaf,
5833,Cardamom,
5834,PodsSeeds,
5835,Cloves,
5836,Fennel,
5837,seeds,
5838,Garam,
5839,mala,
5840,powder,
5841,Curry,
5842,leaves,
5843,Sesame,
5844,Oil,
5845,Salt,
5846,Ingredients,
5847,rot,
5848,and,
5849,grd,
5850,s,
5851,Whole,
5852,Black,
5853,Peppercns,
5854,Cum,
5855,seeds,
5856,s,
5857,Fennel,
5858,seeds,
5859,Ciander,
5860,Seeds,
5861,cloves,
5862,Garlic,
5863,ch,
5864,Gger,
5865,Fresh,
5866,coconut,
5867,grated,
5868,s,
5869,Oil,
5870,Oil,
5871,Kokum,
5872,Green,
5873,Chillies,
5874,slit,
5875,Jaggery,
5876,Salt,
5877,Ciander,
5878,Leaves,
5879,fely,
5880,chopped,
5881,sak,
5882,curry,
5883,mala,
5884,Fresh,
5885,coconut,
5886,grated,
5887,Onion,
5888,roughly,
5889,chopped,
5890,cloves,
5891,Garlic,
5892,Cum,
5893,seeds,
5894,s,
5895,Ciander,
5896,Seeds,
5897,Dry,
5898,Red,
5899,Chillies,
5900,Turmeric,
5901,powder,
5902,Oil,
5903,Methi,
5904,Seeds,
5905,Cum,
5906,seeds,
5907,Asafoetida,
5908,Onion,
5909,fely,
5910,chopped,
5911,cloves,
5912,Garlic,
5913,fely,
5914,chopped,
5915,ch,
5916,Gger,
5917,fely,
5918,chopped,
5919,Green,
5920,Chillies,
5921,chopped,
5922,Tomaes,
5923,chopped,
5924,Potaes,
5925,Turmeric,
5926,powder,
5927,Garam,
5928,mala,
5929,powder,
5930,kitchen,
5931,kg,
5932,Red,
5933,Chilli,
5934,powder,
5935,Salt,
5936,Ciander,
5937,Leaves,
5938,garnish,
5939,Kaddu,
5940,Onion,
5941,sliced,
5942,Turmeric,
5943,powder,
5944,Ciander,
5945,Powder,
5946,Salt,
5947,Water,
5948,required,
5949,Onion,
5950,sliced,
5951,Fresh,
5952,coconut,
5953,grated,
5954,Ajwa,
5955,Mustard,
5956,seeds,
5957,Ciander,
5958,Seeds,
5959,Tamard,
5960,Dry,
5961,Red,
5962,Chillies,
5963,Rice,
5964,flour,
5965,Poha,
5966,Dill,
5967,leaves,
5968,chopped,
5969,Green,
5970,Chilli,
5971,chopped,
5972,Cum,
5973,seeds,
5974,Salt,
5975, ,
5976,Long,
5977,Green,
5978,Brjal,
5979,ch,
5980,Mustard,
5981,seeds,
5982,Curry,
5983,leaves,
5984,Onion,
5985,fely,
5986,chopped,
5987,Toma,
5988,fely,
5989,chopped,
5990,Turmeric,
5991,powder,
5992,Sambar,
5993,Powder,
5994,s,
5995,Jaggery,
5996,Salt,
5997,and,
5998,me,
5999,s,
6000,Ggelly,
6001,oil,
6002,To,
6003,Rot,
6004,&,
6005,Grd,
6006,Sesame,
6007,seeds,
6008,Roted,
6009,Peanuts,
6010,Potaes,
6011,boiled,
6012,and,
6013,diced,
6014,Carrots,
6015,diced,
6016,and,
6017,steamed,
6018,Oil,
6019,Cum,
6020,seeds,
6021,ch,
6022,Gger,
6023,grated,
6024,fely,
6025,Green,
6026,Chillies,
6027,slit,
6028,fely,
6029,chopped,
6030,Turmeric,
6031,powder,
6032,Red,
6033,Chilli,
6034,powder,
6035,Ciander,
6036,Powder,
6037,Lemon,
6038,juice,
6039,Salt,
6040,kala,
6041,namak,
6042,Ciander,
6043,Leaves,
6044,handful,
6045,garnish,
6046,chopped,
6047,Carrots,
6048,grated,
6049,Cabbage,
6050,Gobi,
6051,fely,
6052,chopped,
6053,Onion,
6054,fely,
6055,chopped,
6056,Green,
6057,Chillies,
6058,slit,
6059,Turmeric,
6060,powder,
6061,Cum,
6062,powder,
6063,Oil,
6064,Mustard,
6065,seeds,
6066,Fresh,
6067,coconut,
6068,grated,
6069,Curry,
6070,leaves,
6071,Salt,
6072,required,
6073,Mooli,
6074,Mullangi,
6075,peeled,
6076,Arhar,
6077,dal,
6078,To,
6079,Onion,
6080,fely,
6081,chopped,
6082,s,
6083,Fresh,
6084,coconut,
6085,grated,
6086,Green,
6087,Chilli,
6088,slit,
6089,Dry,
6090,Red,
6091,Chillies,
6092,Ciander,
6093,Seeds,
6094,Tamard,
6095,lemon,
6096,sized,
6097,Jaggery,
6098,grated,
6099,Salt,
6100,Ghee,
6101,Mustard,
6102,seeds,
6103,Cum,
6104,seeds,
6105,Curry,
6106,leaves,
6107,Asafoetida,
6108,cloves,
6109,Garlic,
6110,crushed,
6111,Tomaes,
6112,chopped,
6113,&,
6114,pureed,
6115,s,
6116,Fresh,
6117,ange,
6118,juice,
6119,Lemon,
6120,juice,
6121,from,
6122,half,
6123,Turmeric,
6124,powder,
6125,Red,
6126,Chilli,
6127,powder,
6128,Cum,
6129,powder,
6130,Ciander,
6131,Powder,
6132,Black,
6133,pepper,
6134,powder,
6135,Salt,
6136,Ciander,
6137,Leaves,
6138,freshly,
6139,chopped,
6140,required,
6141,Arhar,
6142,dal,
6143,To,
6144,cooked,
6145,s,
6146,Kabuli,
6147,Chana,
6148,soaked,
6149,hours,
6150, ,
6151,s,
6152,Ghee,
6153,cookg,
6154,Onions,
6155,thly,
6156,sliced,
6157,cloves,
6158,Garlic,
6159,fely,
6160,chopped,
6161,ch,
6162,Gger,
6163,fely,
6164,chopped,
6165,ch,
6166,Cnamon,
6167,Stick,
6168,Cloves,
6169,Bay,
6170,leaves,
6171,rn,
6172,Brown,
6173,cardamom,
6174,Tomaes,
6175,fely,
6176,chopped,
6177,Turmeric,
6178,powder,
6179,Red,
6180,Chilli,
6181,powder,
6182,Ciander,
6183,Powder,
6184,Garam,
6185,mala,
6186,powder,
6187,Chana,
6188,Mala,
6189,Powder,
6190,Salt,
6191,Ciander,
6192,Leaves,
6193,fely,
6194,chopped,
6195,Mango,
6196,peeled,
6197,and,
6198,diced,
6199,Kaddu,
6200,yellow,
6201,one,
6202,Green,
6203,Chillies,
6204,Gger,
6205,grated,
6206,Dry,
6207,Red,
6208,Chillies,
6209,Cum,
6210,seeds,
6211,Fennel,
6212,seeds,
6213,Methi,
6214,Seeds,
6215,Whole,
6216,Black,
6217,Peppercns,
6218,Ciander,
6219,Seeds,
6220,s,
6221,Fresh,
6222,coconut,
6223,grated,
6224,Oil,
6225,To,
6226,be,
6227,Ground,
6228,To,
6229,pte,
6230,Methi,
6231,Seeds,
6232,s,
6233,Poppy,
6234,seeds,
6235,Ma,
6236,Ingredients,
6237,Brjal,
6238,s,
6239,Oil,
6240,Mustard,
6241,seeds,
6242,Cum,
6243,seeds,
6244,cloves,
6245,Garlic,
6246,fely,
6247,chopped,
6248,Red,
6249,Chilli,
6250,powder,
6251,Ciander,
6252,Powder,
6253,Turmeric,
6254,powder,
6255,Methi,
6256,Seeds,
6257,Tamard,
6258,soaked,
6259,and,
6260,pulp,
6261,extracted,
6262,Jaggery,
6263,Salt,
6264,Barnyard,
6265,Millet,
6266,Yellow,
6267,Moong,
6268,Dal,
6269,Ragi,
6270,Seeds,
6271,ch,
6272,Gger,
6273,grated,
6274,Turmeric,
6275,powder,
6276,ch,
6277,Cnamon,
6278,Stick,
6279,Ingredients,
6280,seong,
6281,Ghee,
6282,Asafoetida,
6283,Whole,
6284,Black,
6285,Peppercns,
6286,crushed,
6287,Cum,
6288,seeds,
6289,Red,
6290,Bell,
6291,pepper,
6292,sm,
6293,cubes,
6294,Chana,
6295,dal,
6296,Gram,
6297,Mustard,
6298,seeds,
6299,Curry,
6300,leaves,
6301,s,
6302,Fresh,
6303,coconut,
6304,grated,
6305,Asafoetida,
6306,a,
6307,Gger,
6308,grated,
6309,Green,
6310,Chillies,
6311,s,
6312,Oil,
6313,Salt,
6314,Sweet,
6315,cn,
6316,steamed,
6317,Mustard,
6318,seeds,
6319,Chana,
6320,dal,
6321,Gram,
6322,Dry,
6323,Red,
6324,Chilli,
6325,Curry,
6326,leaves,
6327,s,
6328,Fresh,
6329,coconut,
6330,grated,
6331,Ciander,
6332,Leaves,
6333,roughly,
6334,chopped,
6335,Asafoetida,
6336,A,
6337,Green,
6338,Chilli,
6339,s,
6340,Oil,
6341,Salt,
6342,Colocia,
6343,root,
6344,Curd,
6345,Ajwa,
6346,Khmiri,
6347,Red,
6348,Chilli,
6349,Powder,
6350,Turmeric,
6351,powder,
6352,Ciander,
6353,Powder,
6354,Garam,
6355,mala,
6356,powder,
6357,Ciander,
6358,Leaves,
6359,chopped,
6360,Salt,
6361,Oil,
6362,cook,
6363,Water,
6364,adjustable,
6365,Sm,
6366,Brjal,
6367,s,
6368,Tamard,
6369,Pte,
6370,thick,
6371,Water,
6372,Salt,
6373,s,
6374,Oil,
6375,White,
6376,Urad,
6377,Dal,
6378,Curry,
6379,leaves,
6380,menthi,
6381,karamspicepowder,
6382,s,
6383,Ciander,
6384,Seeds,
6385,Chana,
6386,dal,
6387,Gram,
6388,White,
6389,Urad,
6390,Dal,
6391,Sesame,
6392,seeds,
6393,Cum,
6394,seeds,
6395,Methi,
6396,Seeds,
6397,Dry,
6398,Red,
6399,Chillies,
6400,adjustable,
6401,s,
6402,Raw,
6403,Peanuts,
6404,optional,
6405,Dough,
6406,s,
6407,Whole,
6408,Wheat,
6409,Flour,
6410,Salt,
6411,Oil,
6412,Fillg,
6413,Oil,
6414,Onion,
6415,fely,
6416,chopped,
6417,Red,
6418,Bell,
6419,pepper,
6420,fely,
6421,chopped,
6422,Green,
6423,Bell,
6424,Pepper,
6425,fely,
6426,chopped,
6427,Carrot,
6428,grated,
6429,cloves,
6430,Garlic,
6431,fely,
6432,chopped,
6433,ch,
6434,Gger,
6435,fely,
6436,chopped,
6437,Green,
6438,Chillies,
6439,fely,
6440,chopped,
6441,s,
6442,Paneer,
6443,Cottage,
6444,grated,
6445,Garam,
6446,mala,
6447,powder,
6448,Fennel,
6449,seeds,
6450,crushed,
6451,Red,
6452,Chilli,
6453,powder,
6454,Mt,
6455,Leaves,
6456,fely,
6457,chopped,
6458,Salt,
6459,Slurry,
6460,Whole,
6461,Wheat,
6462,Flour,
6463,s,
6464,Water,
6465,s,
6466,Bmati,
6467,rice,
6468,soaked,
6469,mutes,
6470,Gger,
6471,thly,
6472,sliced,
6473,Dry,
6474,gger,
6475,powder,
6476,Fennel,
6477,seeds,
6478,Green,
6479,Chillies,
6480,slit,
6481,Khmiri,
6482,Red,
6483,Chilli,
6484,Powder,
6485,Chew,
6486,nuts,
6487,roughly,
6488,broken,
6489,Whole,
6490,Almonds,
6491,roughly,
6492,chopped,
6493,Walnuts,
6494,roughly,
6495,chopped,
6496,Sultana,
6497,Raiss,
6498,Pistachios,
6499,roughly,
6500,chopped,
6501,Saffron,
6502,strands,
6503,few,
6504,strands,
6505,soaked,
6506,warm,
6507,milk,
6508,s,
6509,Milk,
6510,s,
6511,Water,
6512,Salt,
6513,Ghee,
6514,Whole,
6515,Spices,
6516,Ajwa,
6517,ch,
6518,Cnamon,
6519,Stick,
6520,Black,
6521,cardamom,
6522,Cardamom,
6523,PodsSeeds,
6524,Cloves,
6525,Bay,
6526,leaves,
6527,Apples,
6528,diced,
6529,sm,
6530,garnish,
6531,Peapple,
6532,diced,
6533,sm,
6534,garnish,
6535,Caramelized,
6536,onions,
6537,Sprg,
6538,Onion,
6539,&,
6540,chopped,
6541,Sprg,
6542,Onion,
6543,Greens,
6544,chopped,
6545,s,
6546,Dosa,
6547,rice,
6548,Poha,
6549,s,
6550,White,
6551,Urad,
6552,Dal,
6553,Methi,
6554,Seeds,
6555,Dry,
6556,Red,
6557,Chillies,
6558,Fresh,
6559,coconut,
6560,grated,
6561,Jaggery,
6562,grated,
6563,Water,
6564,required,
6565,batter,
6566,Oil,
6567,prepare,
6568,dosa,
6569,Salt,
6570,Red,
6571,matta,
6572,rice,
6573,s,
6574,Water,
6575,Salt,
6576,Planta,
6577,Stem,
6578,sm,
6579,cubes,
6580,Onion,
6581,fely,
6582,chopped,
6583,Tomaes,
6584,fely,
6585,chopped,
6586,Green,
6587,Chilli,
6588,fely,
6589,chopped,
6590,Gger,
6591,grated,
6592,Red,
6593,Chilli,
6594,powder,
6595,Turmeric,
6596,powder,
6597,Mustard,
6598,seeds,
6599,Cum,
6600,seeds,
6601,White,
6602,Urad,
6603,Dal,
6604,Asafoetida,
6605,a,
6606, ,
6607,Curry,
6608,leaves,
6609,Oil,
6610,required ,
6611,Salt,
6612,Potaes,
6613,peeled,
6614,and,
6615,cubes ,
6616,Kaddu,
6617,peeled,
6618,and,
6619,diced ,
6620,Carrot,
6621,peeled,
6622,and,
6623,diced ,
6624,Caullower,
6625,flets ,
6626,Brjal,
6627, ,
6628,Drumstick,
6629,scraped,
6630,and,
6631,ch,
6632, ,
6633,Green,
6634,pe,
6635,Turmeric,
6636,powder,
6637,Fresh,
6638,coconut,
6639,thly,
6640,sliced ,
6641,Salt,
6642, ,
6643,Sugar,
6644,s,
6645,Mustard,
6646,oil,
6647,adjustable,
6648,Panch,
6649,Phan,
6650,Mala,
6651,Bay,
6652,leaf,
6653,Ciander,
6654,Leaves,
6655,garnish,
6656,Mango,
6657,tender,
6658,and,
6659,medium,
6660,sized,
6661,Mo,
6662,Dal,
6663,Turmeric,
6664,powder,
6665,Green,
6666,Chillies,
6667,Salt,
6668,Mustard,
6669,oil,
6670,Bay,
6671,leaf,
6672,Dry,
6673,Red,
6674,Chilli,
6675,Panch,
6676,Phan,
6677,Mala,
6678,Marade,
6679,Ba,
6680,fish,
6681,sm,
6682,size,
6683,Lemon,
6684,juice,
6685,Turmeric,
6686,powder,
6687,Salt,
6688,and,
6689,Pepper,
6690,a,
6691,Mala,
6692,Cardamom,
6693,PodsSeeds,
6694,Bay,
6695,leaf,
6696,Cum,
6697,powder,
6698,Ciander,
6699,Powder,
6700,Turmeric,
6701,powder,
6702,Gger,
6703,Garlic,
6704,Pte,
6705,Red,
6706,Chilli,
6707,powder,
6708,Kuri,
6709,Methi,
6710,Fenugreek,
6711,Lukewarm,
6712,Water,
6713,Fresh,
6714,cream,
6715,Salt,
6716,gravy,
6717,Onion,
6718,chopped,
6719,Toma,
6720,chopped,
6721,Chew,
6722,nuts,
6723,Cloves,
6724,Cnamon,
6725,Powder,
6726,Yellow,
6727,Moong,
6728,Dal,
6729,Mooli,
6730,Ke,
6731,Patte,
6732,a,
6733,bunch,
6734,fely,
6735,chopped,
6736,Salt,
6737,cloves,
6738,Garlic,
6739,fely,
6740,chopped,
6741,ch,
6742,Gger,
6743,grated,
6744,Turmeric,
6745,powder,
6746,Red,
6747,Chilli,
6748,powder,
6749,Amchur,
6750,Mango,
6751,s,
6752,Oil,
6753,Ingredients,
6754,Ghee,
6755,Cum,
6756,seeds,
6757,Dry,
6758,Red,
6759,Chillies,
6760,Brown,
6761,Rice,
6762,soaked,
6763,mutes,
6764,and,
6765,whed,
6766,Kabuli,
6767,Chana,
6768,soaked,
6769,overnight,
6770,and,
6771,boiled,
6772,cloves,
6773,Garlic,
6774,chopped,
6775,ch,
6776,Gger,
6777,chopped,
6778,Fennel,
6779,seeds,
6780,Vegetable,
6781,sck,
6782,you,
6783,can,
6784,even,
6785,use,
6786,draed,
6787,water,
6788,chickpe,
6789,Curry,
6790,powder,
6791,Salt,
6792,s,
6793,Ciander,
6794,Leaves,
6795,Chopped ,
6796,Baby,
6797,brjals,
6798,whed,
6799,and,
6800,wedges,
6801,Turmeric,
6802,powder,
6803,Salt,
6804,s,
6805,Coconut,
6806,Oil,
6807,show,
6808,fry,
6809,curry,
6810,mala,
6811,Coconut,
6812,Oil,
6813,Mustard,
6814,seeds,
6815,Fennel,
6816,seeds,
6817,Curry,
6818,leaves,
6819,rn,
6820,Green,
6821,Chillies,
6822,slit,
6823,Pearl,
6824,onions,
6825,quartered,
6826,Turmeric,
6827,powder,
6828,Red,
6829,Chilli,
6830,powder,
6831,Tomaes,
6832,fely,
6833,chopped,
6834,Coconut,
6835,milk,
6836,Salt,
6837,Ciander,
6838,Leaves,
6839,fely,
6840,chopped,
6841,Tapioca,
6842,root,
6843,kappa,
6844,cleaned,
6845,and,
6846,diced,
6847,”,
6848,Carrot,
6849,diagony,
6850,Onion,
6851,sliced,
6852,Cnamon,
6853,Stick,
6854,Cardamom,
6855,PodsSeeds,
6856,Cloves,
6857,Whole,
6858,Black,
6859,Peppercns,
6860,crushed,
6861,ml,
6862,Coconut,
6863,milk,
6864,ch,
6865,Gger,
6866,sliced,
6867,th,
6868,Green,
6869,Chillies,
6870,deseeded,
6871,and,
6872,slit,
6873,two,
6874,Curry,
6875,leaves,
6876,roughly,
6877,rn,
6878,s,
6879,Coconut,
6880,Oil,
6881,s,
6882,Coconut,
6883,Oil,
6884,cookg,
6885,Salt,
6886,Mooli,
6887,Mullangi,
6888,peeled,
6889,and,
6890,sliced,
6891,Yellow,
6892,Moong,
6893,Dal,
6894,Turmeric,
6895,powder,
6896,Green,
6897,Chillies,
6898,fely,
6899,chopped,
6900,Gger,
6901,grated,
6902,Fresh,
6903,coconut,
6904,freshly,
6905,grated,
6906,Ghee,
6907,Mustard,
6908,seeds,
6909,Dry,
6910,Red,
6911,Chillies,
6912,Asafoetida,
6913,Ciander,
6914,Leaves,
6915,Few,
6916,s,
6917,fely,
6918,chopped,
6919,Lemon,
6920,wedges,
6921,Yellow,
6922,Moong,
6923,Dal,
6924,can,
6925,use,
6926,dal,
6927,well,
6928,s,
6929,Mixed,
6930,vegetables,
6931,I,
6932,have,
6933,used,
6934,radish,
6935,turnips,
6936,and,
6937,brjal,
6938,Turmeric,
6939,powder,
6940,Water,
6941,Salt,
6942,Fresh,
6943,coconut,
6944,grated,
6945,Dry,
6946,Red,
6947,Chillies,
6948,Oil,
6949,Mustard,
6950,seeds,
6951,Dry,
6952,Red,
6953,Chillies,
6954,White,
6955,Urad,
6956,Dal,
6957,Curry,
6958,leaves,
6959,Cups,
6960,Soy,
6961,Chunks,
6962,Onion,
6963,chopped,
6964,Tomaes,
6965,pureed,
6966,Green,
6967,Chillies,
6968,chopped,
6969,Bay,
6970,leaf,
6971,Black,
6972,cardamom,
6973,Cloves,
6974,Whole,
6975,Black,
6976,Peppercns,
6977,ch,
6978,Cnamon,
6979,Stick,
6980,Gger,
6981,Garlic,
6982,Pte,
6983,Turmeric,
6984,powder,
6985,Ciander,
6986,Powder,
6987,Red,
6988,Chilli,
6989,powder,
6990,Tablespoon,
6991,Garam,
6992,mala,
6993,powder,
6994,Tablespoon,
6995,Lemon,
6996,juice,
6997,Salt,
6998,Oil,
6999,required,
7000,s,
7001,Cucumber,
7002,peeled,
7003,and,
7004,cubed ,
7005,Kala,
7006,Chana,
7007,soaked,
7008,water,
7009,gravy,
7010,Fresh,
7011,coconut,
7012,grated ,
7013,Dry,
7014,Red,
7015,Chillies,
7016,Tamard,
7017,marble,
7018,sized,
7019,b,
7020,Ciander,
7021,Seeds,
7022,Turmeric,
7023,powder,
7024,Whole,
7025,Black,
7026,Peppercns,
7027,Sugar,
7028,Salt,
7029,Shrimps,
7030,big,
7031,one,
7032,Tablespoon,
7033,Butter,
7034,oil,
7035,Orange,
7036,col,
7037,optional,
7038,Soy,
7039,sauce,
7040,Lemon,
7041,juice,
7042,s,
7043,Honey,
7044,Tabco,
7045,Origal,
7046,Hot,
7047,Sauce,
7048,Black,
7049,pepper,
7050,powder,
7051,Garlic,
7052,mced,
7053,grated,
7054,Gger,
7055,mced,
7056,grated,
7057,Fresh,
7058,Thyme,
7059,leaves,
7060,dry,
7061,Kala,
7062,Chana,
7063,soaked,
7064,water,
7065,overnight,
7066,Banana,
7067,Stem,
7068,sk,
7069,peeled,
7070,and,
7071,sm,
7072,Salt,
7073,Turmeric,
7074,powder,
7075,To,
7076,be,
7077,ground,
7078,pte,
7079,Methi,
7080,Seeds,
7081,White,
7082,Urad,
7083,Dal,
7084,Dry,
7085,Red,
7086,Chilli,
7087,Ciander,
7088,Seeds,
7089,Fresh,
7090,coconut,
7091,grated,
7092,Tamard,
7093,Water,
7094,Seong,
7095,Sesame,
7096,Oil,
7097,Mustard,
7098,seeds,
7099,Curry,
7100,leaves,
7101,roughly,
7102,rn,
7103,Poted,
7104,gourd,
7105,wedges,
7106,Potaes,
7107,sk,
7108,peeled,
7109,wedges,
7110,and,
7111,wedges,
7112,Methi,
7113,Seeds,
7114,Cum,
7115,seeds,
7116,Fennel,
7117,seeds,
7118,Cloves,
7119,ch,
7120,Cnamon,
7121,Stick,
7122,Dry,
7123,Red,
7124,Chilli,
7125,ch,
7126,Gger,
7127,fely,
7128,chopped,
7129,Fresh,
7130,coconut,
7131,grated,
7132,Poppy,
7133,seeds,
7134,Red,
7135,Chilli,
7136,powder,
7137,Turmeric,
7138,powder,
7139,Green,
7140,Chillies,
7141,fely,
7142,chopped,
7143,Sugar,
7144,Salt,
7145,Mustard,
7146,oil,
7147,required,
7148,cookg,
7149,Caullower,
7150,flets,
7151,Green,
7152,Bell,
7153,Pepper,
7154,deseeded,
7155,and,
7156,cubed,
7157,s,
7158,Gram,
7159,flour,
7160,Ciander,
7161,Powder,
7162,freshly,
7163,made,
7164,with,
7165,roted,
7166,ciander,
7167,seeds,
7168,Curd,
7169,ml,
7170,Coconut,
7171,milk,
7172,Cum,
7173,seeds,
7174,Curry,
7175,leaves,
7176,Cloves,
7177,ch,
7178,Cnamon,
7179,Stick,
7180,ch,
7181,Gger,
7182,Red,
7183,Chilli,
7184,powder,
7185,Salt,
7186,Oil,
7187,cookg,
7188,Bottle,
7189,gourd,
7190,peeled,
7191,and,
7192,diced,
7193,Salt,
7194,Turmeric,
7195,powder,
7196,Curd,
7197,Salt,
7198,To,
7199,Be,
7200,Groud,
7201,To,
7202,Pte,
7203,Fresh,
7204,coconut,
7205,grated,
7206,Chana,
7207,dal,
7208,Gram,
7209,soaked,
7210,hot,
7211,water,
7212,mutes,
7213,Green,
7214,Chillies,
7215,Cum,
7216,seeds,
7217,Asafoetida,
7218,Seong,
7219,Oil,
7220,Mustard,
7221,seeds,
7222,Curry,
7223,leaves,
7224,roughly,
7225,rn,
7226,Dry,
7227,Red,
7228,Chillies,
7229,Onion,
7230,chopped,
7231,Drumstick,
7232,chopped,
7233,ch,
7234,long,
7235,Toma,
7236,Arhar,
7237,dal,
7238,To,
7239,soaked,
7240,mutes,
7241,and,
7242,cooked,
7243,Curry,
7244,leaves,
7245,Ciander,
7246,Seeds,
7247,Cum,
7248,seeds,
7249,Methi,
7250,Seeds,
7251,Salt,
7252,Tamard,
7253,Pte,
7254,Turmeric,
7255,powder,
7256,Red,
7257,Chilli,
7258,powder,
7259,Dry,
7260,Red,
7261,Chillies,
7262,soaked,
7263,Fresh,
7264,coconut,
7265,grated,
7266,Mustard,
7267,seeds,
7268,Ggelly,
7269,oil,
7270,tadka,
7271,s,
7272,Ghee,
7273,Sm,
7274,Green,
7275,brjal,
7276,bite,
7277,size,
7278,Onion,
7279,fely,
7280,chopped,
7281,Tomaes,
7282,diced,
7283,s,
7284,Tamard,
7285,Pte,
7286,Red,
7287,Chilli,
7288,powder,
7289,Turmeric,
7290,powder,
7291,Ciander,
7292,Leaves,
7293,a,
7294,bunch,
7295,fely,
7296,chopped,
7297,Jaggery,
7298,grated,
7299,Salt,
7300,salt,
7301,Oil,
7302,cook,
7303,Beetroot,
7304,grated,
7305,s,
7306,Whole,
7307,Wheat,
7308,Flour,
7309,Cum,
7310,powder,
7311,Red,
7312,Chilli,
7313,powder,
7314,Green,
7315,Chillies,
7316,Ghee,
7317,Salt,
7318,Water,
